검색순위,데이터ID,데이터명,설명,키워드,수정일,조회수,다운로드,대분류,현재연구관련성,공식URL,공식존재여부,제공기관판정,데이터명판정,설명판정,키워드판정,수정일판정,종합검증판정,검증일,검증비고
1,15081297,사립학교교직원연금공단_전자도서 보유 현황,"사립학교교직원연금공단 전자도서 보유 현황과 관련된 데이터로 번호, 상품종류, 상품번호, 제목, 출판사명, 저자명, 대분류, 중분류, 상세분류, 주문 차수, 보유 종수 등의 항목을 제공합니다","전자도서,도서관,ebook,자료보유현황,도서목록,공공도서관,독서콘텐츠,온라인열람",2026-07-07,"1,822건","19,074건",법령·콘텐츠·기타,보조검토,https://www.data.go.kr/data/15081297/fileData.do,존재,일치,일치,일치(목록 축약),일치,일치,일치,2026-08-31,설명은 공식 상세 설명의 목록용 축약문
2,15065194,사립학교교직원연금공단_사학연금 통계연보,"사립학교교직원연금공단 통계연보와 관련된 데이터로 학교기관, 가입 교직원, 퇴직 교직원, 부담금(수입), 급여(지출), 대여사업, 자산운용, 기타 등의 항목을 제공합니다.","직역연금,통계,연보,연금통계,가입자현황,퇴직자현황,연금수급자현황,자산운용현황",2025-09-03,"15,771건",753건,법령·콘텐츠·기타,검토대상,https://www.data.go.kr/data/15065194/fileData.do,존재,일치,일치,일치(목록 축약),일치,일치,일치,2026-08-31,설명은 공식 상세 설명의 목록용 축약문
3,15045816,사립학교교직원연금공단_사학연금수급자 현황(재직기간별 연령별 퇴직연금수급자),"사립학교교직원연금공단 사학연금수급자 현황 (재직기간별, 연령별 퇴직연금수급자) 데이터는 연금수급자 중 퇴직연금을 받는 수급자들의 수를 재직기간별(21년미만 ~ 33년 이상) 연령(50세","직역연금,연금수급자,연령별퇴직연금수급자,재직기간별 통계,연령별통계,수급자 정보",2026-07-08,"12,978건","2,897건",퇴직·급여,검토대상,https://www.data.go.kr/data/15045816/fileData.do,존재,일치,일치,일치(목록 축약),일치,일치,일치,2026-08-31,설명은 공식 상세 설명의 목록용 축약문
4,15020810,사립학교교직원연금공단_지부 및 상담센터 운영 현황,사립학교교직원연금공단 지부 및 상담센터 운영 현황 데이터는 공단에서 운영중인 지부 및 상담센터에 대한 정보를 제공합니다.,"사학연금,지부,상담,콜센터,지역별 서비스,민원 안내,연금 상담,고객 지원",2026-06-23,"10,434건","1,632건",고객·디지털·VOC,보조검토,https://www.data.go.kr/data/15020810/fileData.do,존재,일치,일치,일치(목록 축약),일치,일치,일치,2026-08-31,설명은 공식 상세 설명의 목록용 축약문
5,15045813,사립학교교직원연금공단_사학연금수급자 평균연금월액(유족연금),"사립학교교직원연금공단 사학연금수급자 평균연금월액(유족연금) 데이터는 연금수급자 중에서 유족연금을 수급받는 사람들의 연령별 수와 평균연금월액을 교직원(교원, 사무직원) 항목으로 구분하여","연령별,성별,평균연급월액,연령별 통계,교직원별 통계,연금수급자,연금 통계",2026-07-08,"8,146건","1,589건",연금수급자,검토대상,https://www.data.go.kr/data/15045813/fileData.do,존재,일치,일치,일치(목록 축약),일치,일치,일치,2026-08-31,설명은 공식 상세 설명의 목록용 축약문
6,15081273,사립학교교직원연금공단_법령조항,사립학교교직원 연금법(이하 '사학연금법')상 퇴직급여 산정의 기초가 되는 조문 정보를 제공하고 있습니다.,"법령,조항,적용,퇴직연금 산식,급여산정,법률 정보",2026-07-16,"7,180건",968건,법령·콘텐츠·기타,검토대상,https://www.data.go.kr/data/15081273/fileData.do,존재,일치,일치,일치(목록 축약),일치,일치,일치,2026-08-31,설명은 공식 상세 설명의 목록용 축약문
7,15065174,사립학교교직원연금공단_기준소득월액 상한액,"소득월액이란 일정기간 재직하고 얻은 소득에서 비과세소득을 제외한 금액의 연지급합계액을 12개월로 평균한 금액이며, 시작년월, 종료년월과 교직원의 연금및부담금기준소득월액, 교원상한가,","직원상한가,교원상한가,소득월액,비과세소득,시작년월,소득합계액",2026-06-24,"8,181건","1,437건",가입·재직·기관,보조검토,https://www.data.go.kr/data/15065174/fileData.do,존재,일치,일치,일치(목록 축약),일치,일치,일치,2026-08-31,설명은 공식 상세 설명의 목록용 축약문
8,15045812,사립학교교직원연금공단_사학연금수급자 평균연금월액(퇴직연금),"사립학교교직원연금공단 사학연금수급자 평균연금월액(퇴직연금) 데이터는 연금수급자 중에서 퇴직연금을 수급받는 사람들의 연령별 수와 평균연금월액을 교직원(교원, 사무직원) 항목으로 구분하여","연령별,성별,평균연금월액,연금수급자,교직원별 통계,연금 통계",2026-06-24,"5,948건","1,622건",퇴직·급여,검토대상,https://www.data.go.kr/data/15045812/fileData.do,존재,일치,일치,일치(목록 축약),일치,일치,일치,2026-08-31,설명은 공식 상세 설명의 목록용 축약문
9,15045820,사립학교교직원연금공단_사학연금수급자 현황(연도별 연금수급자 및 연금액),"사립학교교직원연금공단 사학연금수급자 현황(연도별 연금수급자 및 연금액) 데이터는 연금수급자의 현황을 나타내는 데이터로 연금 종류별(퇴직연금, 유족연금, 장해연금, 장해유족연금, 연게퇴직연금","연도별,연금별,평균연금액,연금종류별 통계,수급자 수,수급자 통계",2026-07-08,"6,912건","1,549건",연금수급자,검토대상,https://www.data.go.kr/data/15045820/fileData.do,존재,일치,일치,일치(목록 축약),일치,일치,일치,2026-08-31,설명은 공식 상세 설명의 목록용 축약문
10,15012436,사립학교교직원연금공단_교직원 퇴직급여 지급 현황,"사학연금 교직원 퇴직급여 지급 현황과 관련된 데이터로 연도, 급여종류별(퇴직연금,퇴직연금 공제일시금,퇴직연금 일시금,퇴직 일시금,연계연금) 건수와 금액정보 등의 항목을 제공합니다.","교직원,퇴직금,퇴직급여,지급현황,연금기금,급여 현황,연금 수급",2026-07-08,"6,798건","2,256건",퇴직·급여,검토대상,https://www.data.go.kr/data/15012436/fileData.do,존재,일치,일치,일치(목록 축약),일치,일치,일치,2026-08-31,설명은 공식 상세 설명의 목록용 축약문
11,15102549,사립학교교직원연금공단_연금수급자 연금수령기간 현황,사립학교교직원연금공단 연금수급자 연금수령기간 현황 데이터는 연금 수급자의 급여 종류별 연금 수령 기간을 구간별로 분류하여 제공합니다.,"수급자,연금수령,기간,급여종류별 수급자,수급기간 통계,급여 종류별 통계,연금 지급",2026-07-08,"6,235건",682건,연금수급자,검토대상,https://www.data.go.kr/data/15102549/fileData.do,존재,일치,일치,일치(목록 축약),일치,일치,일치,2026-08-31,설명은 공식 상세 설명의 목록용 축약문
12,15045873,사립학교교직원연금공단_제휴복지 서비스 현황,"사립학교교직원연금공단 제휴복지 서비스 현황과 관련된 데이터로 카테고리별 세부항목, 제휴업체 등 교직원이 받을 수 있는 제휴 복지 서비스 현황 정보를 제공하고 있습니다.","복지서비스,업체수,업체명,제휴복지,제휴현황,서비스목록",2026-07-07,"5,404건","1,477건",대여·복지·재해보상,보조검토,https://www.data.go.kr/data/15045873/fileData.do,존재,일치,일치,일치(목록 축약),일치,일치,일치,2026-08-31,설명은 공식 상세 설명의 목록용 축약문
13,15045860,사립학교교직원연금공단_해외 대체투자 현황,"사립학교교직원연금기금의 해외 대체투자 현황(투자분야, 투자자산, 평가액, 투자처)에 관한 정보로 평가액 기준 상위 5개의 해외 대체투자 현황에 관한 자료입니다.","해외대체투자,기금운용,투자현황,평가액,투자처",2026-07-08,"5,312건","1,749건",기금·투자·재무,보조검토,https://www.data.go.kr/data/15045860/fileData.do,존재,일치,일치,일치(목록 축약),일치,일치,일치,2026-08-31,설명은 공식 상세 설명의 목록용 축약문
14,15045817,사립학교교직원연금공단_사학연금수급자 현황(학교급별 직종별),"사립학교교직원연금공단 사학연금수급자 현황(학교급별, 직종별) 데이터는 재직기간에 따른 직종별 연금수급자 수를 제공합니다.","직역연금,교직원,수급자,학교급별 통계,직종별 통계,연단위 통계,연금 통계",2026-07-09,"4,953건","1,457건",연금수급자,검토대상,https://www.data.go.kr/data/15045817/fileData.do,존재,일치,일치,일치(목록 축약),일치,일치,일치,2026-08-31,설명은 공식 상세 설명의 목록용 축약문
15,15065012,사립학교교직원연금공단_연금부담률,"사립학교교직원연금공단 연금부담률과 관련된 데이터로 연도, 개인 연금부담금(%), 법인 연금부담금(%), 국가 연금부담금(%) 등의 항목을 제공합니다. 2020. 01. 01.","국가별,연도별,연금부담금,개인연금부담률,법인연금부담률,국가연금부담금,연금기금",2026-06-25,"4,287건","1,025건",가입·재직·기관,보조검토,https://www.data.go.kr/data/15065012/fileData.do,존재,일치,일치,일치(목록 축약),일치,일치,일치,2026-08-31,설명은 공식 상세 설명의 목록용 축약문
16,15064973,사립학교교직원연금공단_용어사전,"사립학교교직원 연금제도 및 공적연금 제도 관련 ㄱ기관의 업무, 제도, 서비스 등과 관련된 주요 용어에 대한 정보를 제공하고 있습니다.","직역연금,용어별설명,영어번역,사학연금제도,가입자,퇴직급여,재해보상,전문용어",2025-08-25,"5,948건","1,292건",법령·콘텐츠·기타,검토대상,https://www.data.go.kr/data/15064973/fileData.do,존재,일치,일치,일치(목록 축약),일치,일치,일치,2026-08-31,설명은 공식 상세 설명의 목록용 축약문
17,15065014,사립학교교직원연금공단_공공데이터 목록,"사립학교교직원연금공단 공공데이터 목록과 관련된 데이터로 순번, 목록명, 목록등록일, 목록수정일, 공공데이터설명, 키워드, 중점데이터, 구분, 유형, 기관명, 분류체계, 등록유형, 파일데이터등록일","목록,기관정보,공공데이터,공공 정보,데이터 개방,정보 목록,대국민 공개",2025-06-15,"4,092건","2,216건",법령·콘텐츠·기타,검토대상,https://www.data.go.kr/data/15065014/fileData.do,존재,일치,일치,일치(목록 축약),일치,일치,일치,2026-08-31,설명은 공식 상세 설명의 목록용 축약문
18,15045826,사립학교교직원연금공단_국내 주식 투자 정보,"사립학교교직원연금공단 국내주식(직접운용) 상위5개 투자종목 현황과 관련된 데이터로 번호, 유가증권명, 평가기준일자, 평가금액(억 원), 투자비율(%)에 해당하는 정보를 제공합니다.","국내주식투자,주식,사학연금기금,주식투자,국내주식",2026-07-09,"5,304건","1,485건",기금·투자·재무,보조검토,https://www.data.go.kr/data/15045826/fileData.do,존재,일치,일치,일치(목록 축약),일치,일치,일치,2026-08-31,설명은 공식 상세 설명의 목록용 축약문
19,15045821,사립학교교직원연금공단_사학연금수급자 현황(퇴직연금수급자 연금지급개시연령),"사립학교교직원연금공단 사학연금수급자 현황(퇴직연금수급자 연금지급개시연령)과 관련된 데이터는 학교급별(유치원, 초등학교, 중학교, 고등학교, 전문대학교, 대학교, 특수학교, 법인),","직역연금,연금수급자,연금지급개시연령,학교급별통계,교직원별 통계,연령별통계,연금 통계",2026-07-09,"5,458건","1,244건",퇴직·급여,검토대상,https://www.data.go.kr/data/15045821/fileData.do,존재,일치,일치,일치(목록 축약),일치,일치,일치,2026-08-31,설명은 공식 상세 설명의 목록용 축약문
20,15045862,사립학교교직원연금공단_국가부담금 현황,"사립학교교직원연금공단 연금기금에 포함된 국가부담금 현황과 관련된 데이터로 연도, 국가부담금, 국고보조금 등의 항목을 제공합니다.","국가부담금,국고보조금,직역연금,연금기금,연금부담액,기금운용,재정 안정성",2026-07-08,"4,251건","1,314건",가입·재직·기관,보조검토,https://www.data.go.kr/data/15045862/fileData.do,존재,일치,일치,일치(목록 축약),일치,일치,일치,2026-08-31,설명은 공식 상세 설명의 목록용 축약문
21,15045818,사립학교교직원연금공단_사학연금수급자 현황(퇴직연금수급자 평균연금월액),"사립학교교직원연금공단 사학연금수급자 현황(퇴직연금수급자 평균연금월액) 데이터는 학교급별(유치원, 초등학교, 중학교, 고등학교, 전문대학교, 대학교, 특수학교, 법인), 교직원별(교원","직역연금,연금수급자,평균연금월액,학교급별 통계,성별 통계,연령별 통계",2026-07-08,"4,813건","1,372건",퇴직·급여,검토대상,https://www.data.go.kr/data/15045818/fileData.do,존재,일치,일치,일치(목록 축약),일치,일치,일치,2026-08-31,설명은 공식 상세 설명의 목록용 축약문
22,15062409,사립학교교직원연금공단_행복나눔대여 현황,"사립학교교직원연금공단 행복나눔대여 현황과 관련 된 데이터로 행복나눔대여 11종(신혼, 미취학자녀, 3자녀이상양육, 든든(장애), 한부모가정, 노부모부양, 육아휴직, 질병휴직, 다문화가정","행복나눔대여,대여,사학연금,평균대여액,집행실적,취약계층,사회적배려대상,제도개선",2026-07-03,"4,595건",990건,대여·복지·재해보상,보조검토,https://www.data.go.kr/data/15062409/fileData.do,존재,일치,일치,일치(목록 축약),일치,일치,일치,2026-08-31,설명은 공식 상세 설명의 목록용 축약문
23,15065010,사립학교교직원연금공단_기준소득월액,"교직원 기준소득월액과 관련된 데이터로 기간별 (1~33년), 학교급별(유치원, 초등학교, 중학교, 고등학교, 전문대학교, 대학교, 특수학교) 교원, 사무직원 별 성별 데이터를 제공합니다","학교급별 현황,성별 현황,비과세소득,연지급합계액,재직자 소득,소득정보",2026-07-08,"5,695건","1,043건",가입·재직·기관,보조검토,https://www.data.go.kr/data/15065010/fileData.do,존재,일치,일치,일치(목록 축약),일치,일치,일치,2026-08-31,설명은 공식 상세 설명의 목록용 축약문
24,15045828,사립학교교직원연금공단_해외주식 위탁운용사 현황,사학연금 가입자 및 기타 이해관계자를 대상으로 사립학교교직원연금기금의 운용 현황에 관한 정보를 투명하게 공개하고자 사립학교교직원연금공단의 연도별 해외주식 위탁운용사 선정과 관련된 현황,"사학연금,해외주식,위탁운용사,사립학교교직원연금기금,운용사 선정,해외주식 운용 현황,위탁 관리",2026-07-07,"4,576건","1,115건",기금·투자·재무,보조검토,https://www.data.go.kr/data/15045828/fileData.do,존재,일치,일치,일치(목록 축약),일치,일치,일치,2026-08-31,설명은 공식 상세 설명의 목록용 축약문
25,15045815,사립학교교직원연금공단_사학연금수급자 현황(연령별 학교급별 퇴직연금수급자),"사립학교교직원연금공단 사학연금수급자 현황(연령별, 학교급별 퇴직연금수급자) 데이터는 학교급별(유치원, 초등학교, 중학교, 고등학교, 전문대학교, 대학교, 특수학교, 법인), 교직원별","직역연금,연금수급자,학교급별퇴직연금수급자,연령별통계,학교급별 통계,교직원별 통계,연금 통계",2026-07-09,"4,591건","1,090건",퇴직·급여,검토대상,https://www.data.go.kr/data/15045815/fileData.do,존재,일치,일치,일치(목록 축약),일치,일치,일치,2026-08-31,설명은 공식 상세 설명의 목록용 축약문
26,15081296,사립학교교직원연금공단_연금법 적용기관 현황,"사립학교교직원의 연금법 적용기관 현황과 관련된 데이터로 학교명, 기관명, 학교급(유치원, 초등학교, 중학교, 고등학교, 전문대학, 대학교, 법인, 특수학교), 소재지역(강원, 경기,","연금법,적용,기관,주소,지역,학교급",2026-07-08,"4,366건","2,718건",가입·재직·기관,보조검토,https://www.data.go.kr/data/15081296/fileData.do,존재,일치,일치,일치(목록 축약),일치,일치,일치,2026-08-31,설명은 공식 상세 설명의 목록용 축약문
27,15065016,사립학교교직원연금공단_채용공고,"사립학교교직원연금공단 채용공고 데이터는 ‘채용공고명, 채용인원, 접수시작기간, 접수마감기간’ 항목으로 구성되어 최근 7개년간의 공고를 연도별로 정리한 데이터입니다.","직역연금,채용,채용인원,취업정보,채용정보,구인공고,입사지원",2026-07-09,"3,622건","1,016건",기관운영·ESG,보조검토,https://www.data.go.kr/data/15065016/fileData.do,존재,일치,일치,일치(목록 축약),일치,일치,일치,2026-08-31,설명은 공식 상세 설명의 목록용 축약문
28,15064951,사립학교교직원연금공단_브로슈어,"사립학교교직원연금공단 브로슈어와 관련된 자료로 사학연금 가입자수, 연금수급자수, 연금지급 내역, 기금운영 누적 수익금, 생애주기, 사학연금역사, 사학연금 업부 내용 등 다양한 내용으로","브로슈어제목,홍보,홈페이지,소식,브로슈어영문,브로슈어국문",2025-06-05,"3,521건",922건,법령·콘텐츠·기타,검토대상,https://www.data.go.kr/data/15064951/fileData.do,존재,일치,일치,일치(목록 축약),일치,일치,일치,2026-08-31,설명은 공식 상세 설명의 목록용 축약문
29,15048977,사립학교교직원연금공단_지역별 가입 교직원 수,"사립학교교직원의 지역별 가입 교직원 수 현황을 나타내고 있는 데이터로 지역별(서울, 경기, 인천, 충남, 충북, 영남, 전남, 전북, 제주), 학교급별(유치원, 초등학교, 중학교,","학교급별,지역별,가입,사립학교직원,재직기간,회원 통계",2026-06-24,"3,764건","1,197건",가입·재직·기관,보조검토,https://www.data.go.kr/data/15048977/fileData.do,존재,일치,일치,일치(목록 축약),일치,일치,일치,2026-08-31,설명은 공식 상세 설명의 목록용 축약문
30,15065015,사립학교교직원연금공단_자주묻는연금질문,"사립학교교직원연금공단 자주묻는연금질문과 관련된 데이터로 연금 (부담금, 급여, 재직기간 등) 관련 질문에 대한 답변을 보여주고 있습니다.","자주묻는질문,질의응답,연금질문,질문답변,민원지식",2025-09-02,"3,030건","1,382건",법령·콘텐츠·기타,보조검토,https://www.data.go.kr/data/15065015/fileData.do,존재,일치,일치,일치(목록 축약),일치,일치,일치,2026-08-31,설명은 공식 상세 설명의 목록용 축약문
31,15045827,사립학교교직원연금공단_국내주식 위탁운용사 현황,"사립학교교직원연금공단 국내주식 위탁운용사 현황과 관련된 데이터로 위탁업체명, 기준일자, 위탁내용, 위탁시작일자의 항목을 제공합니다.","사학연금기금,국내주식,위탁운용사,위탁투자,기금 관리,금융 기관",2026-07-08,"4,168건","1,251건",기금·투자·재무,보조검토,https://www.data.go.kr/data/15045827/fileData.do,존재,일치,일치,일치(목록 축약),일치,일치,일치,2026-08-31,설명은 공식 상세 설명의 목록용 축약문
32,15064925,사립학교교직원연금공단_공지사항,"사립학교교직원연금공단 공지사항과 관련된 데이터로 번호, 제목, 등록일시, 부서명, 파일 등의 항목을 제공합니다.","공지,홈페이지,파일,알림게시,정보공유",2026-07-07,"3,231건","1,092건",법령·콘텐츠·기타,검토대상,https://www.data.go.kr/data/15064925/fileData.do,존재,일치,일치,일치(목록 축약),일치,일치,일치,2026-08-31,설명은 공식 상세 설명의 목록용 축약문
33,15045814,사립학교교직원연금공단_사학연금수급자 현황(유족연금수급자),사립학교교직원연금공단 사학연금수급자 현황(유족연금수급자) 데이터는 연금수급자 중 유족연금을 받는 수급자들의 수를 재직기간별(21년미만 ~ 33년 이상) 연령(37세 미만~95세 이상,"연령별,성별,평균연금액월,재직기간별 통계,연령별통계,연금 통계",2026-06-24,"3,927건","1,042건",연금수급자,검토대상,https://www.data.go.kr/data/15045814/fileData.do,존재,일치,일치,일치(목록 축약),일치,일치,일치,2026-08-31,설명은 공식 상세 설명의 목록용 축약문
34,15081281,사립학교교직원연금공단_연금법령 및 제규정,"사립학교교직원연금공단의 연금 관련 법령과 제규정을 종합적으로 제공합니다. 연금 제도 운영의 근거가 되는 법률, 시행령, 시행규칙 및 공단 내부 규정 등을 포함하고 있습니다.","연금법,시행령,정관,연금제,법규정,법령",2025-06-14,"4,291건",189건,법령·콘텐츠·기타,보조검토,https://www.data.go.kr/data/15081281/fileData.do,존재,일치,일치,일치(목록 축약),일치,일치,일치,2026-08-31,설명은 공식 상세 설명의 목록용 축약문
35,15065009,사립학교교직원연금공단_경영공시,"사립학교교직원연금공단 경영공시(통합공시, 자율공시)와 관련된 데이터로 대항목, 항목, 세항목, 공시유형, 주관부서 등의 항목을 제공합니다.","사학연금,주관부서,공시유형,통합공시,자율공시",2026-06-29,"3,494건",923건,법령·콘텐츠·기타,보조검토,https://www.data.go.kr/data/15065009/fileData.do,존재,일치,일치,일치(목록 축약),일치,일치,일치,2026-08-31,설명은 공식 상세 설명의 목록용 축약문
36,15045807,사립학교교직원연금공단_재직기간별 학교급별 교원 퇴직 현황,"사립학교교직원연금공단에서 제공하는 재직기간별 연령별 교직원 퇴직 수와 관련된 데이터로, 연령별(25세미만~66세이상), 재직기간별(1년미만~33년이상) 학교급별(유치원,중학교,고등학교","교직원,퇴직자,재직기간,학교 유형,교원통,인구 통계",2026-07-08,"3,950건","1,171건",퇴직·급여,검토대상,https://www.data.go.kr/data/15045807/fileData.do,존재,일치,일치,일치(목록 축약),일치,일치,일치,2026-08-31,설명은 공식 상세 설명의 목록용 축약문
37,15065161,사립학교교직원연금공단_보도자료,"사립학교교직원연금공단 보도자료와 관련된 데이터로 순번, 제목, 등록일시, 기사제공처, 조회건수, 부서명, 첨부파일 등의 항목을 제공합니다.","기사,부서,첨부파일번호,언론보도,미디어자료",2026-07-07,"2,572건","1,486건",법령·콘텐츠·기타,보조검토,https://www.data.go.kr/data/15065161/fileData.do,존재,일치,일치,일치(목록 축약),일치,일치,일치,2026-08-31,설명은 공식 상세 설명의 목록용 축약문
38,15048976,사립학교교직원연금공단_지역별 퇴직 교직원 수,"사립학교 교직원들의 퇴직 현황을 지역별, 학교급별(유치원, 초등학교, 중학교, 고등학교, 전문대, 대학교, 특수학교, 법인), 성별로 세분화하여 제공하는 데이터입니다.","학교급별,지역별,퇴직,퇴직교직원,성,지역 분포,인구 통계",2026-06-24,"3,157건","1,245건",퇴직·급여,검토대상,https://www.data.go.kr/data/15048976/fileData.do,존재,일치,일치,일치(목록 축약),일치,일치,일치,2026-08-31,설명은 공식 상세 설명의 목록용 축약문
39,15045863,사립학교교직원연금공단_국가위탁사업 사업비 등 현황,"사립학교교직원연금공단 국가위탁사업 사업비 등 현황과 관련된 데이터로 국가위탁사업 사업비, 국가위탁사업 연금기금차입금상환금, 퇴직수당국가위탁사업 국가부담금 등의 항목을 제공합니다.","국가부담금,국가위탁사업비,국가위탁사업현황,연금기금차입금,연금부담금,예산 현황,재정 집행",2026-08-04,"2,635건","2,381건",법령·콘텐츠·기타,검토대상,https://www.data.go.kr/data/15045863/fileData.do,존재,일치,일치,일치(목록 축약),일치,일치,일치,2026-08-31,설명은 공식 상세 설명의 목록용 축약문
40,15065018,사립학교교직원연금공단_퇴직연금일시금 지급 현황,"사립학교교직원의 퇴직연금일시급 지급 현황을 나타내고 있는 데이터로 직종(교원, 사무직원), 성별(남, 여), 건수, 금액 등의 항목으로 세분화하여 제공합니다.","직역연금,퇴직연금,일시금,퇴직연금일시금,지급현황,성별,직종별",2026-06-25,"3,443건","1,001건",퇴직·급여,검토대상,https://www.data.go.kr/data/15065018/fileData.do,존재,일치,일치,일치(목록 축약),일치,일치,일치,2026-08-31,설명은 공식 상세 설명의 목록용 축약문
41,15045825,사립학교교직원연금공단_재해보상기금 조성 현황,"사립학교교직원연금공단 재해보상기금 조성 현황과 관련된 데이터로 연도, 재해보상기금, 증가율 등의 항목을 연도별로 제공합니다.","재해보상,기금,증가율,자산관리,재정 안전성,재무현황,기금운영",2025-06-17,"3,701건","1,097건",대여·복지·재해보상,보조검토,https://www.data.go.kr/data/15045825/fileData.do,존재,일치,일치,일치(목록 축약),일치,일치,일치,2026-08-31,설명은 공식 상세 설명의 목록용 축약문
42,15045824,사립학교교직원연금공단_재해보상급여 지급 현황,"사립학교교직원연금공단 재해보상급여 지급 현황과 관련된 데이터로 연도, 재해보상급여, 증가율 등의 항목을 제공하며 연도말 기준의 데이터를 제공합니다.","재해보상,급여,증가율,복지지원,보상제도,연금운영",2025-06-17,"3,517건","1,116건",대여·복지·재해보상,보조검토,https://www.data.go.kr/data/15045824/fileData.do,존재,일치,일치,일치(목록 축약),일치,일치,일치,2026-08-31,설명은 공식 상세 설명의 목록용 축약문
43,15065013,사립학교교직원연금공단_연도별 연금기금 조성현황,"사립학교교직원연금기금은 [사립학교교직원연금법]에 의거하여 급여에 충당하기 위한 책임준비금으로서 설치되었으며, 공단의 예산에 계상된 적립금과 결산상 잉여금 및 기금운용 수익금으로 조성되고","연금,재해보상기금,국립대퇴직수당,연금기금,국립대학법인퇴직수당기금,책임준비금,적립금,기금운용 수익금",2026-07-09,"3,190건",892건,기금·투자·재무,검토대상,https://www.data.go.kr/data/15065013/fileData.do,존재,일치,일치,일치(목록 축약),일치,일치,일치,2026-08-31,설명은 공식 상세 설명의 목록용 축약문
44,15065054,사립학교교직원연금공단_연도별 교직원 퇴직현황,"사립학교교직원의 연도별, 학교급별, 직종별 퇴직 현황을 나타내고 있는 데이터로 연도, 당해연도, 교직원(교원, 사무직원), 성별(남, 여), 학교급별(유치원, 초등학교, 중학교, 고등학교","연도별,교직원,퇴직현황,퇴직사유,성별,학교급별,인구 통계",2026-07-08,"4,011건","1,117건",퇴직·급여,검토대상,https://www.data.go.kr/data/15065054/fileData.do,존재,일치,일치,일치(목록 축약),일치,일치,일치,2026-08-31,설명은 공식 상세 설명의 목록용 축약문
45,15064938,사립학교교직원연금공단_구매현황리스트,"사립학교교직원연금공단 구매현황리스트와 관련된 데이터로 공단이 체결한 계약의 계약명, 업체명, 금액(천원), 계약시작일자, 계약방법, 담당부서 항목의 데이터 상세내역을 연간 단위로 갱신하여","구매현황,리스트,계약,구매내역,취득금액,잔존가액,내용연수",2026-07-08,"3,038건",995건,기관운영·ESG,보조검토,https://www.data.go.kr/data/15064938/fileData.do,존재,일치,일치,일치(목록 축약),일치,일치,일치,2026-08-31,설명은 공식 상세 설명의 목록용 축약문
46,15081302,사립학교교직원연금공단_평균연금월액 지급 현황,사립학교교직원연금공단 평균연금월액 지급 현황 데이터는 연금 수급자에게 지급한 평균 연금월액을 정리한 통계자료입니다.,"평균연금월액,연금,지급,연금유형별,학교급별,성별통계",2026-07-08,"2,996건","1,107건",연금수급자,검토대상,https://www.data.go.kr/data/15081302/fileData.do,존재,일치,일치,일치(목록 축약),일치,일치,일치,2026-08-31,설명은 공식 상세 설명의 목록용 축약문
47,15045819,사립학교교직원연금공단_사학연금수급자 현황(장해연금수급자),사립학교교직원연금공단 사학연금수급자 현황 (장해연금수급자) 데이터는 연금수급자 중 장해연금을 받는 수급자들의 수를 재직기간별(21년미만 ~ 33년 이상) 연령(42세 미만~77세 이상,"직역연금,연금수급자,장해연금수급자,장해연금,연령별통계,재직기간별 통계",2026-07-08,"3,225건","1,001건",연금수급자,검토대상,https://www.data.go.kr/data/15045819/fileData.do,존재,일치,일치,일치(목록 축약),일치,일치,일치,2026-08-31,설명은 공식 상세 설명의 목록용 축약문
48,15081258,사립학교교직원연금공단_연도별 합산이자율 현황,"직역연금(사학, 군인, 공무원) 재직기간 합산 시 활용되는 합산 이자율과 관련된 데이터입니다.","이자율,인상률,상승률,직역연금,합산,보수인상율",2026-07-09,"4,454건",988건,법령·콘텐츠·기타,보조검토,https://www.data.go.kr/data/15081258/fileData.do,존재,일치,일치,일치(목록 축약),일치,일치,일치,2026-08-31,설명은 공식 상세 설명의 목록용 축약문
49,15045879,사립학교교직원연금공단_보유회관 상세위치,"사립학교교직원연금공단이 소유한 보유회관의 상세 위치와 관련된 데이터로 회관명, 주소, 연락처와 대중교통 이용 시 오시는 길을 지하철, 버스, 기차, 공항으로 개별적인 데이터를 포함하고","보유회관,연락처,교통편,대중교통,주소,상세위치,지리정보,길안내",2026-07-15,"3,116건","1,082건",기관운영·ESG,보조검토,https://www.data.go.kr/data/15045879/fileData.do,존재,일치,일치,일치(목록 축약),일치,일치,일치,2026-08-31,설명은 공식 상세 설명의 목록용 축약문
50,15045822,사립학교교직원연금공단_국고학자금대여 현황(학교급별),"사립학교교직원연금공단 국고학자금대여 현황(학교급별) 자료로 기준연도, 대여금액 건수, 대여금액 등을 나타냅니다.","생활자금대여,국고학자금대여,학자금대여사업,학교급,대여금 현황",2026-07-08,"2,921건","1,007건",대여·복지·재해보상,보조검토,https://www.data.go.kr/data/15045822/fileData.do,존재,일치,일치,일치(목록 축약),일치,일치,일치,2026-08-31,설명은 공식 상세 설명의 목록용 축약문
51,15049781,사립학교교직원연금공단_직역연금별 재직기간 합산 승인 내역(공무원),본 데이터는 사립학교교직원연금공단이 처리한 직역연금별 재직기간 합산 승인 내역 중 공무원 연금 관련 정보를 상세하게 제공합니다.,"직역연금,합산,공무원연금,재직기간,사립학교,연금 제도",2026-07-08,"3,485건","1,107건",가입·재직·기관,보조검토,https://www.data.go.kr/data/15049781/fileData.do,존재,일치,일치,일치(목록 축약),일치,일치,일치,2026-08-31,설명은 공식 상세 설명의 목록용 축약문
52,15045880,사립학교교직원연금공단_보유회관 현황,"사립학교교직원연금공단이 소유한 보유회관의 현황과 관련된 데이터로 구분, 소재지, 대지면적(㎡), 연면적(㎡), 규모, 사용승인일, 건폐율(%), 용적률(%), 대표번호, 대관시설 정보의","회관 소재지,회관현황,회관위치,대지면적,연면적,사용승인일,대표번호",2026-06-23,"2,883건","1,110건",기관운영·ESG,보조검토,https://www.data.go.kr/data/15045880/fileData.do,존재,일치,일치,일치(목록 축약),일치,일치,일치,2026-08-31,설명은 공식 상세 설명의 목록용 축약문
53,15045808,사립학교교직원연금공단_교직원 현황(연도별 재직기간별),"사립학교교직원의 현황(연도별 재직기간별)을 나타내고 있는 데이터로 연도별, 교직원별(교원, 사무직원) 재직기간별(5년미만, 5년이상~10년미만, 10년이상~15년미만, 15년이상~20년미만","재직기간,연도,교직원,연금 대상,연도별 변화,교직원 통계",2026-07-08,"2,980건","1,025건",가입·재직·기관,보조검토,https://www.data.go.kr/data/15045808/fileData.do,존재,일치,일치,일치(목록 축약),일치,일치,일치,2026-08-31,설명은 공식 상세 설명의 목록용 축약문
54,15062414,사립학교교직원연금공단_온실가스 배출량,"사립학교교직원연금공단 소유 회관 전체의 온실가스 배출량 데이터로, 총 온실가스 배출량, 직접배출량(SCOPE 1), 간접배출량(SCOPE 2) 항목에 대한 데이터를 제공합니다.","온실가스,직접배출,간접배출,환경 경영,지속 가능성,ESG 경영,에너지 소비,기후 변화",2026-07-08,"2,981건",976건,기관운영·ESG,보조검토,https://www.data.go.kr/data/15062414/fileData.do,존재,일치,일치,일치(목록 축약),일치,일치,일치,2026-08-31,설명은 공식 상세 설명의 목록용 축약문
55,15063431,사립학교교직원연금공단_연금종류별 연도별 연령별 성별 연금수급자 및 수급종료자 통계,"사립학교교직원연금공단에서 제공하는 사학연금 종류별, 연도별, 연령별, 성별, 연금수급자 및 수급종료자 통계(20.8월 기준)에 관련된 데이터입니다.","사학연금,수급자,수급종료,수급연도,수급연령,수급자성별,연금종류",2025-05-20,"3,973건",984건,퇴직·급여,검토대상,https://www.data.go.kr/data/15063431/fileData.do,존재,일치,일치,일치(목록 축약),일치,일치,일치,2026-08-31,설명은 공식 상세 설명의 목록용 축약문
56,15065026,사립학교교직원연금공단_퇴직일시금 통계,"사학연금공단의 퇴직일시금 통계와 관련된 데이터로 기간(1년 미만 ~ 10년 미만)에 따라 업종별(유치원, 초등학교, 중학교, 고등학교, 전문대학, 대학교, 특수학교, 학교경영기관),","기간별,학교급별,일시금,퇴직일시금,급여통계,사학연금,업종별,성별",2026-07-08,"3,567건","1,305건",퇴직·급여,검토대상,https://www.data.go.kr/data/15065026/fileData.do,존재,일치,일치,일치(목록 축약),일치,일치,일치,2026-08-31,설명은 공식 상세 설명의 목록용 축약문
57,15064958,사립학교교직원연금공단_신규채용현황,"사립학교교직원연금공단 신규채용현황 데이터는 ‘연도, 일반정규직, 청년, 여성, 장애인, 비수도권 지역인재, 이전지역 지역인재, 고졸인력’ 항목으로 구성되어 있습니다.","직역연금,신규채용,일반정규직,인사정보,인력현황,공공기관채용",2026-07-08,"2,846건",919건,기관운영·ESG,보조검토,https://www.data.go.kr/data/15064958/fileData.do,존재,일치,일치,일치(목록 축약),일치,일치,일치,2026-08-31,설명은 공식 상세 설명의 목록용 축약문
58,15045811,사립학교교직원연금공단_재직기간별 연령별 교직원 수,사립학교교직원의 재직기간별 연령별 교직원 수를 나타내고 있는 데이터로 재직기간(01년미만~35년이상) 및 연령별(25세미만~66세이상) 교직원 수 현황을 제공하고 있습니다.,"재직기간,연령별,교직원,교직원 통계,인구 통계,연금가입",2026-07-08,"3,862건","1,019건",가입·재직·기관,보조검토,https://www.data.go.kr/data/15045811/fileData.do,존재,일치,일치,일치(목록 축약),일치,일치,일치,2026-08-31,설명은 공식 상세 설명의 목록용 축약문
59,15049778,사립학교교직원연금공단_연도별 재직기간 합산 승인 현황,"사립학교 재직 중인 교직원의 연도별 직역연금 재직기간 합산 승인 내역(사학연금, 공무원연금, 군인연금)과 관련된 데이터로 학교급별(유치원, 초등학교, 중학교, 고등학교, 전문대, 대학교","공적연금,재직기간,합산,공무원연금,군인연금,통계 자료,경력 합산",2026-07-08,"3,257건","1,099건",가입·재직·기관,보조검토,https://www.data.go.kr/data/15049778/fileData.do,존재,일치,일치,일치(목록 축약),일치,일치,일치,2026-08-31,설명은 공식 상세 설명의 목록용 축약문
60,15047808,사립학교교직원연금공단_시장위험지표(VaR금액),"사립학교교직원연금공단 시장위험지표(VaR금액)과 관련된 데이터로 연도, 월별, 국내주식직접, 국내주식위탁, 해외주식위탁, 국내채권직접, 국내채권위탁, 해외채권직접, 해외채권위탁, 시장위험","사학연금,기금,리스크,시장VaR,기금운용,주식운용,채권운용,위험관리",2026-07-09,"2,784건","1,118건",기금·투자·재무,보조검토,https://www.data.go.kr/data/15047808/fileData.do,존재,일치,일치,일치(목록 축약),일치,일치,일치,2026-08-31,설명은 공식 상세 설명의 목록용 축약문
61,15045874,사립학교교직원연금공단_전자도서 입고 현황,"사립학교교직원연금공단 전자도서 입고 현황과 관련된 데이터로 구매차수, 구분, 품명, 수량(종), 권수 등의 항목을 제공합니다.","온라인도서,ebook,신규입고현황,신규도서,콘텐츠관리",2026-07-07,"2,906건","1,005건",법령·콘텐츠·기타,보조검토,https://www.data.go.kr/data/15045874/fileData.do,존재,일치,일치,일치(목록 축약),일치,일치,일치,2026-08-31,설명은 공식 상세 설명의 목록용 축약문
62,15047809,사립학교교직원연금공단_신용위험지표(VaR금액),"사립학교교직원연금공단 신용위험지표(VaR금액)과 관련된 데이터로 년도, 월별, 국내채권직접, 해외채권직접, 대체투자, 국내대체투자, 해외대체투자, 신용위험 통합 전체 등 자산군별 신용위험","채권,대체투자,신용위험,리스크,신용VaR,신용리스크,재무안전성,금융지표",2026-07-15,"2,848건","1,099건",기금·투자·재무,보조검토,https://www.data.go.kr/data/15047809/fileData.do,존재,일치,일치,일치(목록 축약),일치,일치,일치,2026-08-31,설명은 공식 상세 설명의 목록용 축약문
63,15064963,사립학교교직원연금공단_시간가중수익률현황,"사립학교교직원연금공단 시간가중수익률현황과 관련된 데이터로 채권(국내직접, 국내간접, 해외직접, 해외간접), 주식(국내직접, 국내간접, 해외간접), 대체투자, 현금성 등의 항목을 실적","사학연금,시간가중수익률,초과수익률,연금 기금,수익률 분석,투자 성과,기금 운용,자산 평가",2025-09-03,"3,128건",517건,기금·투자·재무,보조검토,https://www.data.go.kr/data/15064963/fileData.do,존재,일치,일치,일치(목록 축약),일치,일치,일치,2026-08-31,설명은 공식 상세 설명의 목록용 축약문
64,15045867,사립학교교직원연금공단_퇴직교직원 사회참여 현황,"사립학교교직원연금공단 퇴직교직원 사회참여 현황과 관련된 데이터로 참여유형, 사회참여 활동명, 참여인원, 연계기관 등의 항목을 제공합니다.","사회참여활동,참여인원,연계기관,사회참여,재능기부,퇴직교직원,봉사활동",2026-07-07,"2,491건","1,028건",퇴직·급여,검토대상,https://www.data.go.kr/data/15045867/fileData.do,존재,일치,일치,일치(목록 축약),일치,일치,일치,2026-08-31,설명은 공식 상세 설명의 목록용 축약문
65,15045823,사립학교교직원연금공단_대여 현황(연도별 및 대여종류별),"사립학교교직원연금공단 연도별 상세종류에 따른 대여 현황과 관련 된 데이터로 기준연도, 대여종류(학자금대여, 의료대여, 주택대여, 가계자금대여), 건수, 금액의 데이터를 제공합니다.","공적연금,생활자금대여,국고학자금대여,복지증진,대여현황,대출 현황,재정 지원",2026-07-13,"2,963건",981건,대여·복지·재해보상,보조검토,https://www.data.go.kr/data/15045823/fileData.do,존재,일치,일치,일치(목록 축약),일치,일치,일치,2026-08-31,설명은 공식 상세 설명의 목록용 축약문
66,15012492,사립학교교직원연금공단_소급통산 및 사병복무기간산입 현황,"사립학교 교직원의 해당연도별 소급통산 및 복무기간산입 승인 건수와 관련된 데이터로, 연금법 시행 이전 사립학교기관에 근무한 기간을 재직기간으로 인정받거나 복무기간을 재직지간에 산입한","소급통산,재직기간합산,복무기간산입,연금법,연금 산정,소급적,연금제도",2026-07-08,"3,107건","1,053건",법령·콘텐츠·기타,보조검토,https://www.data.go.kr/data/15012492/fileData.do,존재,일치,일치,일치(목록 축약),일치,일치,일치,2026-08-31,설명은 공식 상세 설명의 목록용 축약문
67,15060554,사립학교교직원연금공단_온실가스 감축실적,"사립학교교직원연금공단 온실가스 감축실적 데이터로 연도, 기준배출량(tCO2eq), 배출량실적(tCO2eq), 실적감축률 등의 항목을 제공합니다.","배출량,온실가스,감축실적,탄소중립,에너지절약,ESG경영,친환경활동,환경경영",2026-07-08,"2,702건",851건,기관운영·ESG,보조검토,https://www.data.go.kr/data/15060554/fileData.do,존재,일치,일치,일치(목록 축약),일치,일치,일치,2026-08-31,설명은 공식 상세 설명의 목록용 축약문
68,15065011,사립학교교직원연금공단_월별 홈페이지 가입자 현황,"사립학교교직원연금공단 월별 홈페이지 가입자 현황과 관련된 데이터로 연도, 월, 가입자, 신규가입자 등의 항목을 제공합니다.","월별,가입자,신규가입자,회원통계,사용자분석",2026-07-15,"2,610건","1,031건",고객·디지털·VOC,검토대상,https://www.data.go.kr/data/15065011/fileData.do,존재,일치,일치,일치(목록 축약),일치,일치,일치,2026-08-31,설명은 공식 상세 설명의 목록용 축약문
69,15047613,사립학교교직원연금공단_국내 대체투자 현황,"공단은 채권, 주식 등의 전통자산 외에도 기금의 수익률 제고, 포트폴리오 다각화, 분산투자를 통한 리스크 저감 등을 위해 부동산, 인프라, 사모주식 등의 대체투자 자산에 일정 비율로","국내대체투자,기금운용,투자현황,평가액,투자처",2026-07-08,"3,497건","1,032건",기금·투자·재무,보조검토,https://www.data.go.kr/data/15047613/fileData.do,존재,일치,일치,일치(목록 축약),일치,일치,일치,2026-08-31,설명은 공식 상세 설명의 목록용 축약문
70,15045810,사립학교교직원연금공단_재직기간별 학교급별 교직원 퇴직 현황,"사립학교 교직원의 퇴직 현황을 재직기간(1년미만 - 35년미만) 및 학교급별로(유치원, 초등학교, 중학교, 고등학교, 전문대, 대학교, 특수학교, 법인) 분류하여 제공하는 데이터입니다","퇴직교직원,교직원,사립학교교직원,학교급별,재직기간별,퇴직통계",2026-06-24,"3,344건","1,143건",퇴직·급여,검토대상,https://www.data.go.kr/data/15045810/fileData.do,존재,일치,일치,일치(목록 축약),일치,일치,일치,2026-08-31,설명은 공식 상세 설명의 목록용 축약문
71,15065017,사립학교교직원연금공단_신규 가입자 수,"사립학교교직원 신규 가입자 수를 나타내고 있는 데이터로 연령, 학교급별(유치원, 초등학교, 중학교, 고등학교, 전문대학, 대학(교), 특수학교, 학교경영기관), 직종별(교원, 사무직원","가입자,연령별,학교급별,교직원별,예산,신규가입",2026-06-24,"2,464건",909건,가입·재직·기관,보조검토,https://www.data.go.kr/data/15065017/fileData.do,존재,일치,일치,일치(목록 축약),일치,일치,일치,2026-08-31,설명은 공식 상세 설명의 목록용 축약문
72,15049779,사립학교교직원연금공단_연도별 합산내역별 승인 건수,"사립학교 교직원의 해당연도의 합산내역별 승인 건수와 관련된 데이터로, 타 공적연금의 재직기간 합산승인을 신청한 사례들을 연도별로 집계하고, 그 내역을 유형별(사립학교교원, 사립학교사무직원","공적연금,재직기간,합산승인,합산제도,연도별 통계,처리 현황,심사 결과",2026-07-08,"2,490건","1,135건",법령·콘텐츠·기타,보조검토,https://www.data.go.kr/data/15049779/fileData.do,존재,일치,일치,일치(목록 축약),일치,일치,일치,2026-08-31,설명은 공식 상세 설명의 목록용 축약문
73,15068828,사립학교교직원연금공단_사학연금지,사립학교교직원연금공단에서 발행하는 '사학연금지'의 주요 내용을 담고 있습니다.,"매거진,웹진,정보,소식지,공단 활동,연금 정보",2025-09-03,"2,568건",312건,법령·콘텐츠·기타,보조검토,https://www.data.go.kr/data/15068828/fileData.do,존재,일치,일치,일치(목록 축약),일치,일치,일치,2026-08-31,설명은 공식 상세 설명의 목록용 축약문
74,15064957,사립학교교직원연금공단_사전정보공표,"사립학교교직원연금공단 사전정보공표과 관련된 데이터로 구분(고유모델, 표준모델), 제목, 주기 항목의 데이터를 제공합니다.","사전정보,고유모델,표준모델,정보공개,재정현황,행정자료",2026-06-23,"2,171건",923건,법령·콘텐츠·기타,보조검토,https://www.data.go.kr/data/15064957/fileData.do,존재,일치,일치,일치(목록 축약),일치,일치,일치,2026-08-31,설명은 공식 상세 설명의 목록용 축약문
75,15045806,사립학교교직원연금공단_교직원 사망 현황(학교급별 직종별),"사립학교교직원의 교직원 사망 현황(학교급별·직종별)을 나타내고 있는 데이터로 연도, 학교급(유치원, 초등학교, 중학교, 고등학교, 전문대학교, 대학교, 특수학교), 직종(일반직, 기술직","학교급,직종,연도,인구 통계,교직원 사망",2026-07-08,"3,072건","1,091건",법령·콘텐츠·기타,보조검토,https://www.data.go.kr/data/15045806/fileData.do,존재,일치,일치,일치(목록 축약),일치,일치,일치,2026-08-31,설명은 공식 상세 설명의 목록용 축약문
76,15065008,사립학교교직원연금공단_금융자산 투자현황,"사립학교교직원연금공단 금융자산 투자현황을 보여줍니다. 이 데이터를 통해 공단의 연금 기금 운용 투명성을 제고하고, 안정적인 기금 운영 성과를 공개적으로 보여주고자 합니다.","채권,주식,금융자산,자산운,기금 관리,연금기금",2025-09-03,"2,660건",597건,기금·투자·재무,보조검토,https://www.data.go.kr/data/15065008/fileData.do,존재,일치,일치,일치(목록 축약),일치,일치,일치,2026-08-31,설명은 공식 상세 설명의 목록용 축약문
77,15064953,사립학교교직원연금공단_사업실명제 선정대상,"사립학교교직원연금공단의 사업실명제 선정대상과 관련된 주요 정보를 한눈에 파악할 수 있도록 정리한 데이터로 순번, 사업제목, 담당부서, 사업내용, 연결주소, 등록일시, 기준연도 등의","사업실명제,사업제목,사업내용,대상사업,선정,사업관리",2026-07-09,"2,274건",987건,법령·콘텐츠·기타,보조검토,https://www.data.go.kr/data/15064953/fileData.do,존재,일치,일치,일치(목록 축약),일치,일치,일치,2026-08-31,설명은 공식 상세 설명의 목록용 축약문
78,15045866,사립학교교직원연금공단_퇴직교직원지원센터 교육 현황,"퇴직교직원지원센터 교육 현황의 데이터 항목은 분야, 강좌명, 인원수, 교육시간, 교육일자로 구성된 데이터입니다. * 교육관련 강좌 개설 및 계획 수립시 사용할 수 있는 데이터입니다.","강좌명,교육시간,교육일정,교육지원,교육운영,퇴직자",2025-05-20,"2,785건","1,204건",퇴직·급여,검토대상,https://www.data.go.kr/data/15045866/fileData.do,존재,일치,일치,일치(목록 축약),일치,일치,일치,2026-08-31,설명은 공식 상세 설명의 목록용 축약문
79,15081256,사립학교교직원연금공단_이사회 회의록,사립학교교직원연금법 제14조(이사회)에 의해 설립되고 사립학교교직원연금공단 정관 제23조(의결사항)에 따라 사립학교교직원연금공단의 중요사항을 심의 및 의결하는 최고 의사결정기구인 이사회,"이사회,회의록,보고서,심의개최,의결,안건,투명경영",2026-07-07,"2,190건",590건,법령·콘텐츠·기타,보조검토,https://www.data.go.kr/data/15081256/fileData.do,존재,일치,일치,일치(목록 축약),일치,일치,일치,2026-08-31,설명은 공식 상세 설명의 목록용 축약문
80,15045865,사립학교교직원연금공단_국립대학법인 퇴직수당기금 조성 현황,"사학연금 가입 국립대학법인 퇴직수당기금 조성 현황과 관련된 데이터로 국립대학볍인의 퇴직수당기금과 관련하여 연도별로 수입과 지출이 얼마정도이며, 당해년도 기금이 얼마나 조성되었는지 등에","국립대학법인,퇴직수당기금,조성,기금 운용,재정 안정성,연금 기금",2025-06-17,"3,494건","1,181건",퇴직·급여,검토대상,https://www.data.go.kr/data/15045865/fileData.do,존재,일치,일치,일치(목록 축약),일치,일치,일치,2026-08-31,설명은 공식 상세 설명의 목록용 축약문
81,15045861,사립학교교직원연금공단_해외대체 투자자산 위탁운용사 내역,"공단은 채권, 주식 등의 전통자산 외에도 기금의 수익률 제고, 포트폴리오 다각화, 분산투자를 통한 리스크 저감 등을 위해 부동산, 인프라, 사모주식 등의 대체투자 자산에 일정 비율로","대체투자,위탁운용,거래기관,해외대체투자,투자분야,투자자산,위탁운용사",2026-07-08,"3,360건","1,146건",기금·투자·재무,보조검토,https://www.data.go.kr/data/15045861/fileData.do,존재,일치,일치,일치(목록 축약),일치,일치,일치,2026-08-31,설명은 공식 상세 설명의 목록용 축약문
82,15081294,사립학교교직원연금공단_고객만족도조사 결과,고객만족도 조사는 연금관연 서비스를 이용하는 사립학교 교직원 고객을 대상으로 서비스 전반에 대한 만족도를 조사하는 공공데이터 입니다.,"고객,만족도,조사,경영평가,PCSI,민원 평가,정책 반영,이용자 의견",2026-07-08,"2,248건",672건,고객·디지털·VOC,보조검토,https://www.data.go.kr/data/15081294/fileData.do,존재,일치,일치,일치(목록 축약),일치,일치,일치,2026-08-31,설명은 공식 상세 설명의 목록용 축약문
83,15065503,사립학교교직원연금공단_위험조정수익률 현황,"사립학교교직원연금공단 위험조정수익률 현황과 관련된 데이터로 연도별 월별로 정보비율, 젠센, 샤프지수, 트레이너로 구분하여 정보를 제공합니다.","사학연금,위험조정수익률,정보비율,투자 성과,위험 관리,수익성 평가,재무 건전성",2025-08-18,"2,570건",448건,기금·투자·재무,보조검토,https://www.data.go.kr/data/15065503/fileData.do,존재,일치,일치,일치(목록 축약),일치,일치,일치,2026-08-31,설명은 공식 상세 설명의 목록용 축약문
84,15065158,사립학교교직원연금공단_기준소득월액 하한액,"해당 데이터는 연도별 기준소득월액 하한액 변동 추이, 산정 기준, 관련 연금 급여 산정의 정보를 파악하는데 기초자료로 사용될 수 있습니다.","직원하한액,교원하한액,기준소득월액,비과세소득,직무별하한액,소득기준",2025-06-14,"2,891건",842건,가입·재직·기관,보조검토,https://www.data.go.kr/data/15065158/fileData.do,존재,일치,일치,일치(목록 축약),일치,일치,일치,2026-08-31,설명은 공식 상세 설명의 목록용 축약문
85,15064918,사립학교교직원연금공단_공적연금 연계신청자 현황,"공적연금 연계신청자 현황과 관련된 데이터로 연계 신청 연도, 연계 신청 인원 등의 항목을 제공합니다.","직역연금,공적연금,연계신청차,신청 현황,연금 연계,국민연금",2026-07-08,"2,743건",943건,법령·콘텐츠·기타,보조검토,https://www.data.go.kr/data/15064918/fileData.do,존재,일치,일치,일치(목록 축약),일치,일치,일치,2026-08-31,설명은 공식 상세 설명의 목록용 축약문
86,15064966,사립학교교직원연금공단_연금수급자 및 연금선택률,"사립학교교직원 연금수급자들의 수급 현황을 나타내고 있는 데이터로 연금종류별(퇴직연금, 유족연금, 장해연금, 연계연금) 수급자 수 및 연금선택비율을 제공합니다. 위 데이터는 1.","직역연금,유족연금,퇴직연금,장해연금,연계연금,급여청구자",2026-07-08,"2,617건",928건,연금수급자,검토대상,https://www.data.go.kr/data/15064966/fileData.do,존재,일치,일치,일치(목록 축약),일치,일치,일치,2026-08-31,설명은 공식 상세 설명의 목록용 축약문
87,15081292,사립학교교직원연금공단_부산회관 주차장 현황,사립학교교직원연금공단이 소유하고 있는 부산회관은 건물 전체를 임대하고 있는 임대건물로 입주업체 차량이 많은 관계로 무료 주차는 불가하고 주차장의 운영 및 관리는 별도 운영사에서 유료로,"부산,회관,주차장,임대건물,무료주차장,유료주차장",2025-06-13,"2,476건",535건,기관운영·ESG,보조검토,https://www.data.go.kr/data/15081292/fileData.do,존재,일치,일치,일치(목록 축약),일치,일치,일치,2026-08-31,설명은 공식 상세 설명의 목록용 축약문
88,15084707,사립학교교직원연금공단_유연근무 현황,"사립학교교직원연금공단 유연근무 현황 데이터는 ‘연도, 시차출퇴근형, 근무시간선택형, 집약근무형, 재량근무제, 재택근무형, 스마트워크근무형’ 항목으로 구성되어 있습니다.","유연,근무,현황,재량근무,재택근무,스마트워크근무",2026-07-08,"2,182건",615건,법령·콘텐츠·기타,보조검토,https://www.data.go.kr/data/15084707/fileData.do,존재,일치,일치,일치(목록 축약),일치,일치,일치,2026-08-31,설명은 공식 상세 설명의 목록용 축약문
89,15102550,사립학교교직원연금공단_장해연금수급자 평균연금수령액 현황,사립학교교직원연금공단 장해연금수급자 평균연금수령액 데이터는 직무상장해연금과 비직무상장해연금으로 구성된 장해연금을 수급중인 수급자의 평균 연금 수령액을 정리한 통계자료 입니다.,"장해연금,수급자,연금수령,평균연금월액,비직무상장해연금,직무상장해연금,연금수급자",2026-07-08,"2,413건",477건,연금수급자,검토대상,https://www.data.go.kr/data/15102550/fileData.do,존재,일치,일치,일치(목록 축약),일치,일치,일치,2026-08-31,설명은 공식 상세 설명의 목록용 축약문
90,15081284,사립학교교직원연금공단_홍보용 동영상,"사립학교교직원연금공단 홍보용 동영상과 관련된 비정형 데이터로 교직원 홍보영상(국문, 영문, 수화) 및 국민 홍보 CF 등의 항목을 제공합니다.","홍보,동영상,CF,영상자,시각 자료,공단 활동",2025-09-03,"2,343건",177건,법령·콘텐츠·기타,보조검토,https://www.data.go.kr/data/15081284/fileData.do,존재,일치,일치,일치(목록 축약),일치,일치,일치,2026-08-31,설명은 공식 상세 설명의 목록용 축약문
91,15049780,사립학교교직원연금공단_직역연금별 재직기간 합산 승인 내역(군인),"사립학교 재직 중인 교직원의 이전 직역연금 재직기간 합산 승인 내역(군인연금)과 관련된 데이터로 학교급별(유치원, 초등학교, 중학교, 고등학교, 전문대, 대학교, 특수학교, 법인),","직역연금,합산,군인,재직기간,군인연금,학교급별,직구분",2026-07-09,"3,020건","1,065건",가입·재직·기관,보조검토,https://www.data.go.kr/data/15049780/fileData.do,존재,일치,일치,일치(목록 축약),일치,일치,일치,2026-08-31,설명은 공식 상세 설명의 목록용 축약문
92,15135367,사립학교교직원연금공단_대표홈페이지 사학연금현황 연도별 급여지급 현황,"사립학교교직원연금공단_대표홈페이지에 등록된 사학연금 현황(연도별 급여지급 현황)에 관한 데이터로 기준년도, 연금급여 퇴직연금금액, 연금급여 퇴직유족연금금액, 재해보상급여 재직중급여금액","대표홈페이지,연금현황,급여지급,재해보상급여,퇴직수당급여",2025-06-05,"2,991건",258건,고객·디지털·VOC,검토대상,https://www.data.go.kr/data/15135367/fileData.do,존재,일치,일치,일치(목록 축약),일치,일치,일치,2026-08-31,설명은 공식 상세 설명의 목록용 축약문
93,15047614,사립학교교직원연금공단_국내대체 투자자산 위탁운용사 내역,"공단은 채권, 주식 등의 전통자산 외에도 기금의 수익률 제고, 포트폴리오 다각화, 분산투자를 통한 리스크 저감 등을 위해 부동산, 인프라, 사모주식 등의 대체투자 자산에 일정 비율로","대체투자,위탁운용사,사립학교교직원,국내대체투자,투자자산,투자분야,기금 운용",2026-07-08,"2,911건","1,127건",기금·투자·재무,보조검토,https://www.data.go.kr/data/15047614/fileData.do,존재,일치,일치,일치(목록 축약),일치,일치,일치,2026-08-31,설명은 공식 상세 설명의 목록용 축약문
94,15081303,사립학교교직원연금공단_연도별 부담금 수입,"사립학교교직원연금공단 연도별 부담금 수입과 관련된 데이터로 부담금유형별, 부담주체별, 연도, 수입 금액 등의 항목을 제공합니다.","부담금,수입,연금,개인부담금,법인부담금,재해보상부담금,퇴직수당부담금",2026-07-08,"1,892건",687건,가입·재직·기관,검토대상,https://www.data.go.kr/data/15081303/fileData.do,존재,일치,일치,일치(목록 축약),일치,일치,일치,2026-08-31,설명은 공식 상세 설명의 목록용 축약문
95,15081304,사립학교교직원연금공단_장해연금 수급기간별 수급자 수,"사립학교교직원연금공단 장해연금 수급기간별 수급자 수와 관련된 데이터로 수급기간을 연도로 구분하여 학교급별, 교원·사무직원별, 남·여별 수급자 수의 항목을 제공합니다.","장해,연금,수급자,수급기간,연금통계,기간별통계",2026-07-08,"1,803건",866건,연금수급자,검토대상,https://www.data.go.kr/data/15081304/fileData.do,존재,일치,일치,일치(목록 축약),일치,일치,일치,2026-08-31,설명은 공식 상세 설명의 목록용 축약문
96,15045809,사립학교교직원연금공단_사무직원 퇴직 현황(재직기간별 직종별),"사립학교 사무직원의 퇴직 현황을 나타내고 있는 데이터로 연도별, 재직기간별,(5년미만, 5년이상~10년미만, 10년이상~15년미만, 15년이상~20년미만, 20년이상~25년미만, 25년이상","재직기간,직종,사무직원,퇴직현황,직종별,인사 정보",2026-07-08,"2,823건","1,096건",퇴직·급여,검토대상,https://www.data.go.kr/data/15045809/fileData.do,존재,일치,일치,일치(목록 축약),일치,일치,일치,2026-08-31,설명은 공식 상세 설명의 목록용 축약문
97,15081286,사립학교교직원연금공단_청년인턴 채용 현황,"사립학교교직원연금공단 청년인턴 채용 현황 데이터는 ‘구분, 유형, 연도’ 항목으로 구성되어 2017년 ~ 2024년 간의 채용 실적을 연도별로 정리한 데이터입니다.","청년,채용,인턴,체험형 인턴,채용형 인턴,인턴쉽,취업정보",2026-07-08,"1,989건",692건,기관운영·ESG,보조검토,https://www.data.go.kr/data/15081286/fileData.do,존재,일치,일치,일치(목록 축약),일치,일치,일치,2026-08-31,설명은 공식 상세 설명의 목록용 축약문
98,15081267,사립학교교직원연금공단_대여 상환 수납 현황,"사립학교교직원연금공단 연간 상환 유형별 금액 및 건수와 관련 된 자료로 처리일자, 수납일자, 정기상환건수, 정기상환금액, 개인정기상환건수, 개인정기상환금액, 일시상환건수, 일시상한금액","대여,상환,수납,유형별,대여체납,건전성확보",2026-07-09,"2,068건",566건,대여·복지·재해보상,보조검토,https://www.data.go.kr/data/15081267/fileData.do,존재,일치,일치,일치(목록 축약),일치,일치,일치,2026-08-31,설명은 공식 상세 설명의 목록용 축약문
99,15081266,사립학교교직원연금공단_급여청구자 대상 형벌의뢰 현황,"사립학교교직원 중 급여청구자 대상 형벌의뢰 현황과 관련된 데이터로, 연도별(2018년~), 분기별(1분기, 2분기, 3분기, 4분기)로 세분화하여 형벌 확인 건수(명)에 대한 현황을","급여청구자,형벌,의뢰,연도별통계,분기별통계,급여 심사,부정 수급",2026-07-08,"1,770건","1,189건",법령·콘텐츠·기타,보조검토,https://www.data.go.kr/data/15081266/fileData.do,존재,일치,일치,일치(목록 축약),일치,일치,일치,2026-08-31,설명은 공식 상세 설명의 목록용 축약문
100,15081301,사립학교교직원연금공단_교직원 사망 현황,"사립학교교직원의 사망 현황을 나타내고 있는 데이터로 연령, 합계, 교직원(교원, 사무직원), 성별(남, 여), 학교급별(유치원, 초등학교, 중학교, 고등학교, 전문대학, 대학교, 특수학교","사망현황,교직원통계,연령별,직종별,성별",2026-07-08,"2,279건",612건,법령·콘텐츠·기타,보조검토,https://www.data.go.kr/data/15081301/fileData.do,존재,일치,일치,일치(목록 축약),일치,일치,일치,2026-08-31,설명은 공식 상세 설명의 목록용 축약문
101,15081271,사립학교교직원연금공단_급여심의회 운영 현황,사학교직원이 재직 중 직무와 관련하여 발생한 질병·부상·장해 및 사망에 대하여 직무상 재해여부 등을 심의하기 위하여 사학연금공단 내에 설치된 심의기구 입니다.,"급여심의회,상정,결정,연금제도,심의현황,급여별 심의현황",2025-06-17,"1,914건",674건,법령·콘텐츠·기타,보조검토,https://www.data.go.kr/data/15081271/fileData.do,존재,일치,일치,일치(목록 축약),일치,일치,일치,2026-08-31,설명은 공식 상세 설명의 목록용 축약문
102,15045864,사립학교교직원연금공단_국립대학법인 퇴직수당기금 조성액 증가율,"국립대학법인 퇴직수당기금 조성액 증가율을 통해 국립대법인 가입자 대상의 퇴직수당 지급여력, 퇴직자수 증가 추이 등을 확인할 수 있으며, 통계자료 작성, 연금 관련 제도 및 정책 결정에","국립대학법인,퇴직수당기금,증가율,조성액,기금 운용,연금 기금",2025-08-12,"2,687건","1,233건",퇴직·급여,검토대상,https://www.data.go.kr/data/15045864/fileData.do,존재,일치,일치,일치(목록 축약),일치,일치,일치,2026-08-31,설명은 공식 상세 설명의 목록용 축약문
103,15081283,사립학교교직원연금공단_급여재심위원회 운영 현황,"사립학교교직원 연금급여재심위원회는 급여에 관한 결정, 개인부담금의 징수, 그 밖의 사립학교교직원 연금법에 따른 처분 또는 급여에 관하여 이의가 있는 사람이 심사를 청구할 경우 이에","재심위원회,상정,결정,기각,보류,각,재심 청구,권리 구제",2026-07-09,"1,964건",589건,법령·콘텐츠·기타,보조검토,https://www.data.go.kr/data/15081283/fileData.do,존재,일치,일치,일치(목록 축약),일치,일치,일치,2026-08-31,설명은 공식 상세 설명의 목록용 축약문
104,15081293,사립학교교직원연금공단_대전회관 주차장 현황,사립학교교직원연금공단이 소유하고 있는 대전회관은 건물 전체를 임대하고 있는 임대건물로 입주업체 차량이 많은 관계로 무료 주차는 불가하고 주차장의 운영 및 관리는 별도 운영사에서 유료로,"대전,회관,주차장,장애인주차,일반주차,경차주차,주차시설,교통편의",2025-06-16,"1,979건",530건,기관운영·ESG,보조검토,https://www.data.go.kr/data/15081293/fileData.do,존재,일치,일치,일치(목록 축약),일치,일치,일치,2026-08-31,설명은 공식 상세 설명의 목록용 축약문
105,15081282,사립학교교직원연금공단_소송사건 판결 현황,"사립학교교직원연금공단 소송사건 판결 현황과 관련된 데이터로 구분, 년도, 심급, 제피소여부, 위임여부, 사건종류 등의 항목을 제공합니다.","소송,판결,사건,제피소,위임,소송 관리,법적 분쟁",2026-07-07,"1,745건",701건,법령·콘텐츠·기타,보조검토,https://www.data.go.kr/data/15081282/fileData.do,존재,일치,일치,일치(목록 축약),일치,일치,일치,2026-08-31,설명은 공식 상세 설명의 목록용 축약문
106,15135369,사립학교교직원연금공단_대표홈페이지 사학연금현황 연도별 연금수급자 현황,"사립학교교직원연금공단_대표홈페이지에 등록된 사학연금 현황(연도별 연금수급자 현황)에 관한 데이터로 기준년도, 퇴직연금 수급자수, 퇴직유족연금 수급자수, 비직무상장해연금 수급자수, 연계연금","대표홈페이지,연금현황,연금수급자,총수급자수,퇴직연금",2026-08-04,"2,446건",219건,고객·디지털·VOC,검토대상,https://www.data.go.kr/data/15135369/fileData.do,존재,일치,일치,일치(목록 축약),일치,일치,일치,2026-08-31,설명은 공식 상세 설명의 목록용 축약문
107,15081255,사립학교교직원연금공단_기관청렴도평가,사립학교교직원연금공단의 기관청렴도 평가와 관련된 데이터로 2022년부터 평가항목의 변화로 해당 데이터는 수시성 제공 데이터로 제공됩니다.,"청렴도,평가,부패방지,종합등급,내부청렴,등급",2025-05-26,"1,530건",638건,법령·콘텐츠·기타,보조검토,https://www.data.go.kr/data/15081255/fileData.do,존재,일치,일치,일치(목록 축약),일치,일치,일치,2026-08-31,설명은 공식 상세 설명의 목록용 축약문
108,15081257,사립학교교직원연금공단_전자문서 생산 현황,"전자문서 생산과 관련된 데이터로 최근 공단 전자문서 생산현황을 보여주고 있습니다. 연도 및보존기간, 영구, 준영구, 30년,10년,5년,3년,1년 항목을 제공하고 있습니다.","전자문서,생성,문서 보유,행정 자료,기록 생산,문서 관리",2026-07-09,"1,816건",510건,법령·콘텐츠·기타,보조검토,https://www.data.go.kr/data/15081257/fileData.do,존재,일치,일치,일치(목록 축약),일치,일치,일치,2026-08-31,설명은 공식 상세 설명의 목록용 축약문
109,15102542,사립학교교직원연금공단_사학연금 가입자 현황(학교급별 나이별),"사학연금 가입자 현황(학교급별 나이별)을 나타내고 있는 데이터로 연령별(19세~66세), 교직원별(교원, 사무직원), 학교급별(유치원, 초등학교, 중학교, 고등학교, 전문대학, 대학","공적연금,가입자현황,학교급별,연령별,교직원별,교직원 현황",2026-06-24,"2,296건",639건,가입·재직·기관,보조검토,https://www.data.go.kr/data/15102542/fileData.do,존재,일치,일치,일치(목록 축약),일치,일치,일치,2026-08-31,설명은 공식 상세 설명의 목록용 축약문
110,15081268,사립학교교직원연금공단_해외대학학생 대여 현황,"사립학교교직원연금공단 국고학자금대여를 받은 교직원 중 해외대학 학생의 대여 집행 현황과 관련 된 데이터로 연도, 분류(재직중 및 연금수급자 교직원), 인원수, 건수, 대여금액, 평균대여액의","대여,해외,대학학생,해외대학,운영계획,평균대여액,학자금대",2026-07-09,"1,790건",524건,대여·복지·재해보상,검토대상,https://www.data.go.kr/data/15081268/fileData.do,존재,일치,일치,일치(목록 축약),일치,일치,일치,2026-08-31,설명은 공식 상세 설명의 목록용 축약문
111,15081290,사립학교교직원연금공단_센터별 수입현황,사립학교교직원연금공단의 회관별 수입 현황과 관련된 데이터로 부산·대전회관의 수입(단위 : 백만원) 등의 항목을 제공합니다.,"센터,수입,회관,사업장수익,재정수입,운영현황,기금재원",2026-07-08,"1,655건",504건,법령·콘텐츠·기타,보조검토,https://www.data.go.kr/data/15081290/fileData.do,존재,일치,일치,일치(목록 축약),일치,일치,일치,2026-08-31,설명은 공식 상세 설명의 목록용 축약문
112,15081280,사립학교교직원연금공단_장기재정추계,"사립학교교직원연금공단 장기재정추계와 관련된 데이터로 재정재계산 추진경과, 주요 가정, 민감도 분석, 재정평가 등의 항목을 제공합니다.","장기재정,재정재계산,재정추계,연금 재정,재정 분석,장기 계획",2025-06-14,"1,838건",158건,법령·콘텐츠·기타,보조검토,https://www.data.go.kr/data/15081280/fileData.do,존재,일치,일치,일치(목록 축약),일치,일치,일치,2026-08-31,설명은 공식 상세 설명의 목록용 축약문
113,15081270,사립학교교직원연금공단_재해보상 결정사례,"사립학교교직원연금공단 재해보상 결정사례와 관련된 데이터로 재해보상 안내, 직무상 사고 사례, 직무상 질병 사례 등의 항목을 제공합니다.","재해보상,결정,사례,보상사,직무상,심사기",2025-06-14,"1,951건",193건,대여·복지·재해보상,보조검토,https://www.data.go.kr/data/15081270/fileData.do,존재,일치,일치,일치(목록 축약),일치,일치,일치,2026-08-31,설명은 공식 상세 설명의 목록용 축약문
114,15081269,사립학교교직원연금공단_직무상 재해 청구시효,"사립학교교직원연금공단 직무상 재해 청구시효와 관련된 데이터로 급여종류별 청구권 소멸(요양급여, 재활급여, 간병급여),시효 등의 항목을 제공합니다.","재해보상,청구,시효,보상청구,직무재해,시효기간",2026-07-15,"1,595건",542건,대여·복지·재해보상,보조검토,https://www.data.go.kr/data/15081269/fileData.do,존재,일치,일치,일치(목록 축약),일치,일치,일치,2026-08-31,설명은 공식 상세 설명의 목록용 축약문
115,15081291,사립학교교직원연금공단_부속시설 운영 현황,"사립학교교직원연금공단이 소유하고 있는 부속시설 운영 현황과 관련된 데이터로 구분, 분류, 시설명, 시설물 위치, 면적(㎡), 최대 수용 인원, 비고 등의 항목을 제공합니다.","부속시설,시설관리,운영실적,시설명,위치,최대수용인원,시설유지",2026-06-23,"1,619건",563건,법령·콘텐츠·기타,보조검토,https://www.data.go.kr/data/15081291/fileData.do,존재,일치,일치,일치(목록 축약),일치,일치,일치,2026-08-31,설명은 공식 상세 설명의 목록용 축약문
116,15100705,사립학교교직원연금공단_업무협약 총괄표 현황,"사립학교교직원연금공단이 체결한 모든 업무협약(MOU)의 주요 정보를 한눈에 파악할 수 있도록 정리한 데이터로 순번, 협약명, 체결기관명, 체결내용, 체결일, 만료일, 담당부서 등의","MOU,업무협약,협력,협약,파트너십,합의,체결",2026-07-13,"1,723건",507건,법령·콘텐츠·기타,보조검토,https://www.data.go.kr/data/15100705/fileData.do,존재,일치,일치,일치(목록 축약),일치,일치,일치,2026-08-31,설명은 공식 상세 설명의 목록용 축약문
117,15104432,사립학교교직원연금공단_무료법률자문서비스 이용안내,"사립학교교직원연금공단_무료법률자문서비스 이용안내와 관련된 데이터로 지역, 업체명, 전화번호, 주소, 공통안내사항 등의 항목을 제공합니다.","법률자문,상담,업체안내,법률 상담,무료 서비스,법률지,자문 신청",2026-06-23,"1,658건",500건,대여·복지·재해보상,보조검토,https://www.data.go.kr/data/15104432/fileData.do,존재,일치,일치,일치(목록 축약),일치,일치,일치,2026-08-31,설명은 공식 상세 설명의 목록용 축약문
118,15113281,사립학교교직원연금공단_급여지급현황,"사립학교교직원 연금수급자들의 급여지급현황(연계연금결정지급, 연계월연금지급, 연금급여, 연금월지급, 장기급여, 재해장기급여)을 나타내고 있는 데이터로로 순서, 처리일, 지급구분, 지급일","급여,급여지급,급여종류,수급자,지급건수,연금통계,급여현황",2026-07-13,"1,374건",494건,법령·콘텐츠·기타,검토대상,https://www.data.go.kr/data/15113281/fileData.do,존재,일치,일치,일치(목록 축약),일치,일치,일치,2026-08-31,설명은 공식 상세 설명의 목록용 축약문
119,15113311,사립학교교직원연금공단_재직기간별 평균 수급액 현황,사립학교교직원연금공단 재직기간별 평균 수급액 현황 데이터는 연금수급자의 재직기간에 따른 평균 연금 수급액 현황을 알 수 있도록 제공하는 통계자료입니다.,"재직기간,평균연금수급액,연금액,연금수급자 통계,수급액 현황,기간별 분석",2026-07-08,"1,711건",383건,가입·재직·기관,검토대상,https://www.data.go.kr/data/15113311/fileData.do,존재,일치,일치,일치(목록 축약),일치,일치,일치,2026-08-31,설명은 공식 상세 설명의 목록용 축약문
120,15102544,사립학교교직원연금공단_신규 사학연금 가입자 현황(연도별 성별 나이별),"신규 사학연금 가입자 현황(연도별 성별 나이별)을 나타내고 있는 데이터로 연도별, 성별(남,여), 나이별(10대~80대)로 세분화해서 신규 사학연금 가입자 현황을 제공하고 있습니다.","신규,가입자,현황,증감률,연도별,나이별",2026-07-08,"2,198건",757건,가입·재직·기관,보조검토,https://www.data.go.kr/data/15102544/fileData.do,존재,일치,일치,일치(목록 축약),일치,일치,일치,2026-08-31,설명은 공식 상세 설명의 목록용 축약문
121,15081263,사립학교교직원연금공단_연금법 적용 대상 기관 통계 현황,"사립학교교직원 연금법 적용 대상기관의 학교급별(유치원,초등학교,중학교,고등학교,전문대학,대학교,병원,특수학교,학교경영기관), 년도별 기관수 데이터를 제공합니다.","직역연금,연금법,대상기관,기관수,기관급별,적용 현황",2026-07-08,"2,274건",612건,가입·재직·기관,보조검토,https://www.data.go.kr/data/15081263/fileData.do,존재,일치,일치,일치(목록 축약),일치,일치,일치,2026-08-31,설명은 공식 상세 설명의 목록용 축약문
122,15081260,사립학교교직원연금공단_신분변동 현황,"사립학교교직원의 신분변동 현황을 나타내고 있는 데이터로 접수된 건수, 학교급별(유치원, 초등학교, 중학교, 고등학교, 전문대학, 대학교, 특수학교, 법인), 비고(특이사항), 신분변동","신분,변동,사유,합산,휴직,퇴직",2026-07-08,"1,697건",633건,법령·콘텐츠·기타,검토대상,https://www.data.go.kr/data/15081260/fileData.do,존재,일치,일치,일치(목록 축약),일치,일치,일치,2026-08-31,설명은 공식 상세 설명의 목록용 축약문
123,15136716,사립학교교직원연금공단_대표홈페이지 공지사항,사립학교교직원연금공단_대표홈페이지에 등록된 공지사항에 관한 정보입니다.,"홈페이지,공지사항,제목,알림,안내",2025-06-18,"1,910건",68건,고객·디지털·VOC,검토대상,https://www.data.go.kr/data/15136716/fileData.do,존재,일치,일치,일치(목록 축약),일치,일치,일치,2026-08-31,설명은 공식 상세 설명의 목록용 축약문
124,15102551,사립학교교직원연금공단_가입자 수 예측치,"사립학교교직원연금공단의 가입자 및 연금수급자 수 예측치와 관련된 데이터로 연도별 가입자수, 퇴직연금 수급자, 유족연금 수급자, 연계연금 수급자 등의 항목을 제공합니다.","공적연금,가입자,가입자 예측,공적연금연계제도,퇴직연금,예측치",2026-07-08,"1,154건",651건,가입·재직·기관,검토대상,https://www.data.go.kr/data/15102551/fileData.do,존재,일치,일치,일치(목록 축약),일치,일치,일치,2026-08-31,설명은 공식 상세 설명의 목록용 축약문
125,15081264,사립학교교직원연금공단_급여 미청구자 관리 현황,"사학연금 퇴직 교직원 중 급여 미청구자 관리 현황과 관련된 데이터로, 공단은 퇴직한 이후에 급여를 청구하지 않은 교직원에 대하여 소멸시효가 지나는 것을 방지하기 위해 주기적으로 급여","급여,미청구자,관리,퇴직,소멸시효,미수령급여,연금 관리",2026-07-09,"1,736건",771건,법령·콘텐츠·기타,검토대상,https://www.data.go.kr/data/15081264/fileData.do,존재,일치,일치,일치(목록 축약),일치,일치,일치,2026-08-31,설명은 공식 상세 설명의 목록용 축약문
126,15102511,사립학교교직원연금공단_정보화사업 현황,"사립학교교직원연금공단 정보화사업 현황과 관련된 데이터로 순번, 연도, 사업구분, 사업명, 담당부서, 사업시작일, 사업종료일, 금액(원) 등의 항목을 제공합니다.","정보화,사업,현황,정보 시스템,IT 사업,디지털 전환,전산 개발,예산 집행",2025-06-15,"1,250건",488건,법령·콘텐츠·기타,보조검토,https://www.data.go.kr/data/15102511/fileData.do,존재,일치,일치,일치(목록 축약),일치,일치,일치,2026-08-31,설명은 공식 상세 설명의 목록용 축약문
127,15102540,사립학교교직원연금공단_정규직 전환현황,"사립학교교직원연금공단 정규직 전환현황과 관련된 데이터로 연도, 정규직 전환계획, 정규직 전환실적 등의 항목을 제공합니다. 2019년 비정규직을 정규직으로 전환하였고 2020년부터 직렬별로","정규직,전환,현황,실적,비정규직,계획",2026-07-08,"1,223건",492건,법령·콘텐츠·기타,보조검토,https://www.data.go.kr/data/15102540/fileData.do,존재,일치,일치,일치(목록 축약),일치,일치,일치,2026-08-31,설명은 공식 상세 설명의 목록용 축약문
128,15102553,사립학교교직원연금공단_SNS 구독자 현황,"사립학교교직원연금공단 SNS 구독자 현황과 관련된 데이터로 월별 SNS별(유튜브, 인스타그램, 페이스북, 블로그, 카카오) 구독자 현황 등의 항목을 제공합니다.","SNS,구독자,현황,이용통계,대외소통,홍보성과",2026-07-09,"1,269건",428건,고객·디지털·VOC,보조검토,https://www.data.go.kr/data/15102553/fileData.do,존재,일치,일치,일치(목록 축약),일치,일치,일치,2026-08-31,설명은 공식 상세 설명의 목록용 축약문
129,15102552,사립학교교직원연금공단_재정재계산 결과,"사립학교교직원연금공단 재정재계산 결과와 관련된 데이터로 연도별 총수입, 부담금, 운용수입, 총지출, 급여, 재정수지, 기금액 등의 항목을 제공합니다.","공적연금,고갈,예측,재정 예측,연금 기금,재정 분석",2026-06-25,"1,258건",423건,법령·콘텐츠·기타,보조검토,https://www.data.go.kr/data/15102552/fileData.do,존재,일치,일치,일치(목록 축약),일치,일치,일치,2026-08-31,설명은 공식 상세 설명의 목록용 축약문
130,15102537,사립학교교직원연금공단_녹색제품 구매실적 현황,"사립학교교직원연금공단 녹색제품 구매실적 현황과 관련된 데이터로 구분, 일반 및 녹색제품 구매금액(천원), 녹색제품 구매금액(천원), 비율(퍼센트) 등의 항목을 제공합니다.","녹색제품,구매금액,ESG경영,친환경제품,환경보호,지속 가능성",2026-07-08,"1,409건",429건,기관운영·ESG,보조검토,https://www.data.go.kr/data/15102537/fileData.do,존재,일치,일치,일치(목록 축약),일치,일치,일치,2026-08-31,설명은 공식 상세 설명의 목록용 축약문
131,15102555,사립학교교직원연금공단_유튜브 이용현황,"사립학교교직원연금공단 유튜브 이용현황과 관련된 데이터로 유튜브 채널별 분석기간시작, 분석기간종료, 구독자수(누적), 조회수, 시청시간, 노출수, 노출클릭율 등의 항목을 제공합니다.","유튜브,이용,현황,영상조회,콘텐츠분석",2026-07-07,"1,122건",465건,고객·디지털·VOC,보조검토,https://www.data.go.kr/data/15102555/fileData.do,존재,일치,일치,일치(목록 축약),일치,일치,일치,2026-08-31,설명은 공식 상세 설명의 목록용 축약문
132,15100710,사립학교교직원연금공단_기부금 지원 현황,"사립학교교직원연금공단 기부금 지원 현황과 관련된 데이터로 연번, 날짜, 수령인, 관계, 기부금액(원, 물품 기부 건은 환산 금액 기재), 기부물품, 기부사유, 재원 등의 항목을 제공합니다","기부금,지원,물품 기부,사회공헌,지역상생",2026-08-04,"1,126건",485건,기관운영·ESG,보조검토,https://www.data.go.kr/data/15100710/fileData.do,존재,일치,일치,일치(목록 축약),일치,일치,일치,2026-08-31,설명은 공식 상세 설명의 목록용 축약문
133,15101352,사립학교교직원연금공단_내부감사결과,사립학교교직원연금공단이 실시한 내부감사 결과 내용 관련 정보를 포함하고 있습니다.,"감사,내부감사,감사결과,지적사항,내부통제,제도개선",2026-07-07,"1,090건",437건,기관운영·ESG,보조검토,https://www.data.go.kr/data/15101352/fileData.do,존재,일치,일치,일치(목록 축약),일치,일치,일치,2026-08-31,설명은 공식 상세 설명의 목록용 축약문
134,15131720,사립학교교직원연금공단_학교급별지역별퇴직사유별 퇴직자 현황(교원),"사립학교 교원의 학교급별(유치원, 초등학교, 중학교, 고등학교, 전문대학, 대학(교), 대학병원, 특수학교, 법인 등), 지역별(강원, 경기, 경남, 경북, 광주, 대구, 대전, 부산","학교급,지역,퇴직사유,지역별 분석,퇴직 인원,교원 통계",2026-08-04,"1,940건",317건,퇴직·급여,검토대상,https://www.data.go.kr/data/15131720/fileData.do,존재,일치,일치,일치(목록 축약),일치,일치,일치,2026-08-31,설명은 공식 상세 설명의 목록용 축약문
135,15135365,사립학교교직원연금공단_대표홈페이지 사학연금현황 연도별 가입자 현황,"사립학교교직원연금공단_대표홈페이지에 등록된 사학연금 현황(연도별 연금수급자 현황)에 관한 데이터로 기준년도, 퇴직연금 수급자수, 퇴직유족연금 수급자수, 비직무상장해연금 수급자수, 연계연금","대표홈페이지,연금현황,가입자,총수급자수,퇴직연금",2025-06-09,"1,576건",226건,고객·디지털·VOC,검토대상,https://www.data.go.kr/data/15135365/fileData.do,존재,일치,일치,일치(목록 축약),일치,일치,일치,2026-08-31,설명은 공식 상세 설명의 목록용 축약문
136,15131713,사립학교교직원연금공단_교원별사망조위금내역,"사립학교교직원연금공단 교원별사망조위금내역 관련된 데이터로 기준년도, 구분, 유치원, 초등학교, 중학교, 고등학교, 전문학교, 대학교, 특수학교, 법인, 소계 항목을 제공합니다.","교원,사망조위금,사학연금,유족보상,복지급여,급여지급",2025-06-16,"1,226건",225건,대여·복지·재해보상,보조검토,https://www.data.go.kr/data/15131713/fileData.do,존재,일치,일치,일치(목록 축약),일치,일치,일치,2026-08-31,설명은 공식 상세 설명의 목록용 축약문
137,15119232,사립학교교직원연금공단_지역별 재해 승인현황,"사립학교교직원연금공단의 지역별 재해 승인현황을 지역별(서울,광주,부산 등)과 직무상요양비, 간병비 장해급여 등을 제공합니다.","지역별,재해,승인현황,안전관리,재해 통계",2025-06-17,"1,104건",381건,대여·복지·재해보상,보조검토,https://www.data.go.kr/data/15119232/fileData.do,존재,일치,일치,일치(목록 축약),일치,일치,일치,2026-08-31,설명은 공식 상세 설명의 목록용 축약문
138,15131716,사립학교교직원연금공단_급여종류별지급현황,"해당 기준년도에 사학연금에서 퇴직 후 급여를 수령한 교직원의 급여종류(퇴직연금, 퇴직연금일시금, 퇴직일시금, 퇴직연금공제일시금 등)별 지급건수, 급여액 등 지급현황을 제공합니다.","급여종류,급여액,사학연금,급여 현황,퇴직 급여,연금 지급",2026-07-09,"1,630건",254건,퇴직·급여,검토대상,https://www.data.go.kr/data/15131716/fileData.do,존재,일치,일치,일치(목록 축약),일치,일치,일치,2026-08-31,설명은 공식 상세 설명의 목록용 축약문
139,15100707,사립학교교직원연금공단_연간 사회공헌활동 현황,"사립학교교직원연금공의 연간 사회공헌활동 현황과 관련된 데이터로 연번, 날짜, 활동명, 활동내용 등의 항목을 제공합니다.","사회공헌,봉사활동,행사,지역상생,교육기부,행사참여",2026-07-09,"1,122건",451건,기관운영·ESG,보조검토,https://www.data.go.kr/data/15100707/fileData.do,존재,일치,일치,일치(목록 축약),일치,일치,일치,2026-08-31,설명은 공식 상세 설명의 목록용 축약문
140,15113246,사립학교교직원연금공단_임직원 자격증 보유 현황,"사립학교교직원연금공단 임직원 자격증 보유 현황 데이터(2025.12.31.)는 임직원의 ‘자격구분명, 자격증명, 보유인원’ 항목으로 구성되어 있는 자격정보 제공 데이터입니다.","임직원,자격증,보유현황,교육,금융,전산,자격정보",2026-07-13,"1,169건",319건,법령·콘텐츠·기타,보조검토,https://www.data.go.kr/data/15113246/fileData.do,존재,일치,일치,일치(목록 축약),일치,일치,일치,2026-08-31,설명은 공식 상세 설명의 목록용 축약문
141,15112963,사립학교교직원연금공단_국고학자금예산집행현황,"사립학교교직원연금공단 연간 국고학자금 예산 집행 현황과 관련된 데이터로 기준월, 실지급일수, 일일평균지급액, 월간지급액, 예산잔액의 데이터를 제공합니다.","국고,학자금,국고학자금예산집행,월간지급액,실지급일수,대여지급",2026-07-08,858건,517건,대여·복지·재해보상,보조검토,https://www.data.go.kr/data/15112963/fileData.do,존재,일치,일치,일치(목록 축약),일치,일치,일치,2026-08-31,설명은 공식 상세 설명의 목록용 축약문
142,15102538,사립학교교직원연금공단_장애인기업제품 구매실적 현황,"이 데이터는 사립학교교직원연금공단 장애인기업제품 구매실적 현황과 관련된 데이터로 구분, 구매금액(천원), 기준금액(천원), 비율(퍼센트) 등의 항목을 제공합니다.","장애인,기업,구매실적,우선구매,공공구매,동반성장,상생협력",2026-07-08,"1,077건",441건,기관운영·ESG,보조검토,https://www.data.go.kr/data/15102538/fileData.do,존재,일치,일치,일치(목록 축약),일치,일치,일치,2026-08-31,설명은 공식 상세 설명의 목록용 축약문
143,15102545,사립학교교직원연금공단_제휴복지 서비스 이용실적(무료법률자문서비스 제외),"사립학교교직원연금공단_무료법률자문서비스 이용안내와 관련된 데이터로 지역, 업체명, 공통안내사항 등의 항목을 제공합니다.","제휴복지,서비스,이용실적,법률자문,상담업체안내,상담안내,무료상담",2026-07-09,"1,088건",607건,대여·복지·재해보상,보조검토,https://www.data.go.kr/data/15102545/fileData.do,존재,일치,일치,일치(목록 축약),일치,일치,일치,2026-08-31,설명은 공식 상세 설명의 목록용 축약문
144,15131714,사립학교교직원연금공단_직원별사망조위금내역,"사립학교교직원연금공단 직원별사망조위금내역 관련된 데이터로 기준년도, 구분, 유치원, 초등학교, 중학교, 고등학교, 전문학교, 대학교, 특수학교, 법인 항목을 제공합니다.","직원,사망조위금,사학연금,유족보상,복지급여,급여지급",2025-06-16,"1,001건",210건,대여·복지·재해보상,보조검토,https://www.data.go.kr/data/15131714/fileData.do,존재,일치,일치,일치(목록 축약),일치,일치,일치,2026-08-31,설명은 공식 상세 설명의 목록용 축약문
145,15104427,사립학교교직원연금공단_무료법률자문서비스 이용실적(분야별),"사립학교교직원연금공단_무료법률자문서비스 이용실적(분야별)과 관련된 데이터로 구분, 채권채무, 부동산주택임대차, 가사상속, 교통사고, 근로, 행정조세, 형사민사, 연금, 기타 등의 항목을","법률자문,상담,분야별,무료상담,상담통계,이용실적",2026-07-13,"1,014건",417건,대여·복지·재해보상,보조검토,https://www.data.go.kr/data/15104427/fileData.do,존재,일치,일치,일치(목록 축약),일치,일치,일치,2026-08-31,설명은 공식 상세 설명의 목록용 축약문
146,15136727,사립학교교직원연금공단_대표홈페이지 사학연금현황 학교급별 학교기관교직원 현황,"사립학교교직원연금공단_대표홈페이지에 등록된 사학연금 현황(학교급별 학교기관교직원 현황)에 관한 데이터로 기준년도, 구분, 유치원수, 초등학교수, 중학교수, 고등학교수, 전문대학수,","대표홈페이지,학교급,학교기관교직원,교원수,직원수,사학연금현황",2026-08-12,"1,014건",229건,고객·디지털·VOC,검토대상,https://www.data.go.kr/data/15136727/fileData.do,존재,일치,일치,일치(목록 축약),일치,일치,일치,2026-08-31,설명은 공식 상세 설명의 목록용 축약문
147,15112967,사립학교교직원연금공단_월별 특수요양비지급현황(건수),"사립학교교직원연금공단 월별 특수요양비지급현황(건수) 관련된 날짜, 구분, 진료비, 식대, MRI, 초음파검사비, 보조기, 보철구 등의 항목을 제공합니다.","특수요양비,월별,특수요양비지급현황,의료비지원,급여지급,복지혜택",2025-08-18,910건,394건,대여·복지·재해보상,보조검토,https://www.data.go.kr/data/15112967/fileData.do,존재,일치,일치,일치(목록 축약),일치,일치,일치,2026-08-31,설명은 공식 상세 설명의 목록용 축약문
148,15104429,사립학교교직원연금공단_무료법률자문서비스 이용실적(지역별),"사립학교교직원연금공단_무료법률자문서비스 이용실적(지역별)과 관련된 데이터로 구분, 서울, 경인강원, 대전충청, 대구경북, 부산울산경남, 전라제주 등의 항목을 제공합니다.","법률자문,상담,지역별,지역통계,상담통계,이용실적,자문서비스",2026-07-09,970건,386건,대여·복지·재해보상,보조검토,https://www.data.go.kr/data/15104429/fileData.do,존재,일치,일치,일치(목록 축약),일치,일치,일치,2026-08-31,설명은 공식 상세 설명의 목록용 축약문
149,15102539,사립학교교직원연금공단_나주지역 농산물 구매내역,"사립학교교직원연금공단 나주지역 농산물 구매내역과 관련된 데이터로 양곡, 과일, 채소, 가공, 축산, 화훼별 연간 구매금액 등의 항목을 제공합니다.","나주,농산물,구매,지역상생,지역 경재,소비현황,농가지원",2026-07-08,815건,411건,기관운영·ESG,보조검토,https://www.data.go.kr/data/15102539/fileData.do,존재,일치,일치,일치(목록 축약),일치,일치,일치,2026-08-31,설명은 공식 상세 설명의 목록용 축약문
150,15119243,사립학교교직원연금공단_행복나눔대여 현황(상세),"사립학교교직원연금공단의 행복나눔대여 상세현황과 관련 된 데이터로 교직원상태, 직구분, 대여금액, 대여잔액, 보증설정금액, 대여종류, 대여일의 데이터를 제공합니다.","대여,행복나눔,상세,대여잔액,보증설정,복지사각지대,집행비중,수혜대상",2026-07-09,805건,301건,대여·복지·재해보상,보조검토,https://www.data.go.kr/data/15119243/fileData.do,존재,일치,일치,일치(목록 축약),일치,일치,일치,2026-08-31,설명은 공식 상세 설명의 목록용 축약문
151,15113244,사립학교교직원연금공단_업무용 차량 운영 현황,사립학교교직원연금공단 업무용 차량 운영 현황 자료로 공단이 보유하거나 임대한 차량의 운영현황을 담고 있습니다.,"업무용,차량,운영,친환경,전기차,관용차량",2026-06-23,768건,278건,기관운영·ESG,보조검토,https://www.data.go.kr/data/15113244/fileData.do,존재,일치,일치,일치(목록 축약),일치,일치,일치,2026-08-31,설명은 공식 상세 설명의 목록용 축약문
152,15125546,사립학교교직원연금공단_지역별 퇴직자 발생 추이,"전국 사립학교 및 대학병원의 연도별 퇴직자 발생현황을 의 지역별 퇴직자 발생추이를 나타내는 것으로 연도, 지역별(법정동), 학교급(유치원, 초등학교, 대학교 등), 퇴직자 수를 보여줍니다","지역별,퇴직자,발생,교원,직원,학교급",2026-08-12,"1,072건",310건,퇴직·급여,검토대상,https://www.data.go.kr/data/15125546/fileData.do,존재,일치,일치,일치(목록 축약),일치,일치,일치,2026-08-31,설명은 공식 상세 설명의 목록용 축약문
153,15102541,사립학교교직원연금공단_나주회관 소화기설비 관리현황,사립학교교직원연금공단 나주회관 소화기설비 관리현황과 관련된 데이터로 분말·가스·강화액 소화기와 간이소화기(스프레이)를 보유하고 있습니다.,"소화기설비,분말소화기,간이소화기,가스소화기,내구연한,안전장비,설비 점검",2026-07-08,756건,393건,기관운영·ESG,보조검토,https://www.data.go.kr/data/15102541/fileData.do,존재,일치,일치,일치(목록 축약),일치,일치,일치,2026-08-31,설명은 공식 상세 설명의 목록용 축약문
154,15119237,사립학교교직원연금공단_대여종류별 연간 상세 지급현황,"사립학교교직원연금공단 연간 대여 종류별 상세 지급현황과 관련 된 데이터로, 연도, 대여구분(연금대여, 국고학자금대여, 수급자대여), 상세구분(생활자금, 행복나눔, 국고학자금), 건수","대여종류,연간,대여지급,대여구분,운용계획,예산편성,기초자료",2026-07-08,775건,288건,대여·복지·재해보상,검토대상,https://www.data.go.kr/data/15119237/fileData.do,존재,일치,일치,일치(목록 축약),일치,일치,일치,2026-08-31,설명은 공식 상세 설명의 목록용 축약문
155,15119216,사립학교교직원연금공단_75세 초과 지역별 수급자 현황,"사립학교교직원연금공단의 75세 초과 지역별 수급자 현황 데이터는 75세를 초과한 수급자의 거주지 기준 주소지를 기반으로, 시도 단위로 구분한 연금수급자 수를 제공하는 통계자료입니다.","수급자,75세,지역별 통계,평균연금월액,연금 현황,인구 현,연금 통계",2026-07-08,734건,357건,연금수급자,검토대상,https://www.data.go.kr/data/15119216/fileData.do,존재,일치,일치,일치(목록 축약),일치,일치,일치,2026-08-31,설명은 공식 상세 설명의 목록용 축약문
156,15112966,사립학교교직원연금공단_월별 특수요양비지급현황(금액),"사립학교교직원연금공단 월별 특수요양비지급현황(금액) 관련된 날짜, 구분, 진료비, 식대, MRI, 초음파검사비, 보조기, 보철구 등의 항목을 제공합니다.","특수요양비,월별,특수요양,지급현황,재정 집행,의료비지원",2025-09-03,740건,267건,대여·복지·재해보상,보조검토,https://www.data.go.kr/data/15112966/fileData.do,존재,일치,일치,일치(목록 축약),일치,일치,일치,2026-08-31,설명은 공식 상세 설명의 목록용 축약문
157,15119221,사립학교교직원연금공단_75세 이하 지역별 수급자 현황,"사립학교교직원연금공단의 75세 이하 지역별 수급자 현황 데이터는 75세 이하의 수급자의 거주지 기준 주소지를 기반으로, 시도 단위로 구분한 연금수급자 수를 제공하는 통계자료입니다.","지역별,75세 이하,수급자,지역별 통계,평균연금월액,연금 현황,인구 통계,연금 통계",2026-07-08,779건,291건,연금수급자,검토대상,https://www.data.go.kr/data/15119221/fileData.do,존재,일치,일치,일치(목록 축약),일치,일치,일치,2026-08-31,설명은 공식 상세 설명의 목록용 축약문
158,15131723,사립학교교직원연금공단_지역별_연금수급자_인원현황(주소지),"사립학교교직원연금공단 지역별 연금수급자 인원현황(주소지) 데이터는 연금을 수령중인 수급자의 거주지 기준 주소지를 기반으로, 시도 및 시군구 단위로 구분한 연금수급자 수를 제공하는 통계자료입니다","지역,주소지 기준,연금,수급자,지역별 통계,시도별 현황",2026-07-08,752건,243건,연금수급자,검토대상,https://www.data.go.kr/data/15131723/fileData.do,존재,일치,일치,일치(목록 축약),일치,일치,일치,2026-08-31,설명은 공식 상세 설명의 목록용 축약문
159,15113644,사립학교교직원연금공단_생활자금대여 수익률 모니터링,"사립학교교직원연금공단 생활자금대여 수익률과 관련된 데이터로 연도별 연간대여수익, 당연도 잔액, 현재잔액, 평균잔액, 수익률의 데이터를 제공합니다.","생활자금대여,수익률,대여,연간대여수익,효율성,모니터링,추이비교",2026-07-08,738건,257건,대여·복지·재해보상,보조검토,https://www.data.go.kr/data/15113644/fileData.do,존재,일치,일치,일치(목록 축약),일치,일치,일치,2026-08-31,설명은 공식 상세 설명의 목록용 축약문
160,15133677,사립학교교직원연금공단_업무구분별 VOC 현황,사립학교교직원연금공단 업무구분별 VOC 현황은 고객의소리(VOC) 시스템을 통해 접수된 교직원 민원의 업무 유형별 접수 현황을 제공합니다.,"VOC,업무구분,현황,고객의소리,민원,소통창구,교직원",2026-07-08,689건,219건,고객·디지털·VOC,검토대상,https://www.data.go.kr/data/15133677/fileData.do,존재,일치,일치,일치(목록 축약),일치,일치,일치,2026-08-31,설명은 공식 상세 설명의 목록용 축약문
161,15156911,사립학교교직원연금공단_사학연금 10년사 통사,본 자료는 1974년 사립학교교원연금관리공단(현 사립학교교직원연금공단)의 설립부터 1983년까지 초기 10년간의 발자취를 집대성한 역사서입니다.,"역사,공단역사,통계자료,조직변천사,시대별역사,연금정보,공단운영",2025-12-28,836건,35건,법령·콘텐츠·기타,보조검토,https://www.data.go.kr/data/15156911/fileData.do,존재,일치,일치,일치(목록 축약),일치,일치,일치,2026-08-31,설명은 공식 상세 설명의 목록용 축약문
162,15102547,사립학교교직원연금공단_고객 상담 채널별 업무처리 현황,"이 데이터를 통해 공단의 고객 서비스 운영 실태를 투명하게 공개하고, 서비스 효율성 및 고객 만족도 향상 방안을 모색할 수 있습니다.","고객,상담,채널,고객민원,VOC,상담 통계,고객서비스",2026-07-08,941건,394건,고객·디지털·VOC,검토대상,https://www.data.go.kr/data/15102547/fileData.do,존재,일치,일치,일치(목록 축약),일치,일치,일치,2026-08-31,설명은 공식 상세 설명의 목록용 축약문
163,15130529,사립학교교직원연금공단_보유회관 에너지 사용현황,"사립학교교직원연금공단이 소유한 보유회관(나주회관)의 에너지원별(전기, 열(스팀), 수도, 태양광발전) 사용 현황과 보유회관의 연도별 연료구분(전기, 열, 수도, 태양광)을 단위별로","에너지사용량,회관,연료구분,에너지원,사용현황,전기,태양광발전",2026-08-05,687건,205건,기관운영·ESG,보조검토,https://www.data.go.kr/data/15130529/fileData.do,존재,일치,일치,일치(목록 축약),일치,일치,일치,2026-08-31,설명은 공식 상세 설명의 목록용 축약문
164,15112995,사립학교교직원연금공단_임의적용 및 사이버대학 현황,"사립학교교직원 연금법 임의적용 기관 및 연금법 적용 사이버대학 현황과 관련된 자료로 학교급(유치원, 초등학교, 중학교, 고등학교, 전문대학, 대학교, 법인, 특수학교), 기관번호,","임의적용,사이버,대학,법적용,교육 기관,연금 대상",2026-07-08,586건,274건,법령·콘텐츠·기타,보조검토,https://www.data.go.kr/data/15112995/fileData.do,존재,일치,일치,일치(목록 축약),일치,일치,일치,2026-08-31,설명은 공식 상세 설명의 목록용 축약문
165,15119325,사립학교교직원연금공단_분할연금 혼인월수별 연금분할액,"사립학교교직원의 분할연금 재직기간 중 혼인기간에 해당하는 혼인인정월수별 연금분할액을 나타내고 있는 문서 처리 연도, 처리일, 혼인인정월수, 법원 분할율(배우자) 등을 제공합니다.","분할,혼인월수,연금분할액,혼인인정월수,분할연금,재산분할",2026-07-08,655건,316건,연금수급자,보조검토,https://www.data.go.kr/data/15119325/fileData.do,존재,일치,일치,일치(목록 축약),일치,일치,일치,2026-08-31,설명은 공식 상세 설명의 목록용 축약문
166,15131715,사립학교교직원연금공단_년도별재보지급현황,"사립학교교직원연금공단 년도별재보지급현황 관련된 데이터로 기준년도, 구분, 급여종류, 지급건수, 교직원수, 금액 항목을 제공합니다.","년도,재해보상,급여종류,보상금,급여현황,재해유형,복지혜택",2025-06-16,556건,213건,법령·콘텐츠·기타,보조검토,https://www.data.go.kr/data/15131715/fileData.do,존재,일치,일치,일치(목록 축약),일치,일치,일치,2026-08-31,설명은 공식 상세 설명의 목록용 축약문
167,15131724,사립학교교직원연금공단_생활자금대여예산집행현황,"사립학교교직원연금공단 연간 생활자금대여 예산 집행 현황과 관련된 데이터로 기준년도, 기준월, 실지급일수, 일일평균지급액, 월간지급액, 예산잔액의 데이터를 제공합니다.","생활자금대여,예산,집행현황,실지급일수,기준년도",2026-07-09,556건,223건,대여·복지·재해보상,보조검토,https://www.data.go.kr/data/15131724/fileData.do,존재,일치,일치,일치(목록 축약),일치,일치,일치,2026-08-31,설명은 공식 상세 설명의 목록용 축약문
168,15131722,사립학교교직원연금공단_지역별_연금수급자_인원현황(퇴직기관),사립학교교직원연금공단 지역별 연금수급자 인원현황(퇴직기관 주소 기준) 데이터는 연금수급자의 퇴직 당시 소속되어 있던 교육기관의 위치를 기준으로 연금수급자 수를 제공하는 통계자료입니다,"지역,수급자,급여종류,퇴직교직원,시도별 현황,지역별 통계",2026-07-08,577건,224건,퇴직·급여,검토대상,https://www.data.go.kr/data/15131722/fileData.do,존재,일치,일치,일치(목록 축약),일치,일치,일치,2026-08-31,설명은 공식 상세 설명의 목록용 축약문
169,15124513,사립학교교직원연금공단_VOC 상위 5개 민원별 월별 발생 건수,'사립학교교직원연금공단 VOC 상위 5개 민원별 발생건수 데이터는 고객의 주요 요구사항을 파악하여 서비스 개선에 활용하기 위하여 고객의소리(VOC) 시스템을 통하여 수집하고 있습니다,"VOC,민원,상위,고객의소리,소통창구,발생건수,불편사항,고객의견",2025-08-18,733건,168건,고객·디지털·VOC,검토대상,https://www.data.go.kr/data/15124513/fileData.do,존재,일치,일치,일치(목록 축약),일치,일치,일치,2026-08-31,설명은 공식 상세 설명의 목록용 축약문
170,15156914,사립학교교직원연금공단_사학연금 30년사,사학연금30년사는 사립학교교직원연금관리공단의 설립부터 2004년까지 (1974~2004)30년간 연금제도의 도입·정착·확대 과정과 기관운영성과를 연혁중심으로 정리한기록물입니다.,"직역연금,공적연금,공단운영,조직변천,통계정보,연금운영",2026-07-07,622건,50건,법령·콘텐츠·기타,보조검토,https://www.data.go.kr/data/15156914/fileData.do,존재,일치,일치,일치(목록 축약),일치,일치,일치,2026-08-31,설명은 공식 상세 설명의 목록용 축약문
171,15156912,사립학교교직원연금공단_사학연금 40년사,사립학교교직원연금공단(사학연금)이 창립 40주년을 기념하여 발간한 '사학연금 40년사'는 1974년 공단 설립부터 2014년까지의 발전 과정을 집대성한 기록물입니다.,"역사,공단역사,통계자료,조직변천,시대역사,연금정보,연금운영",2026-07-07,555건,41건,법령·콘텐츠·기타,보조검토,https://www.data.go.kr/data/15156912/fileData.do,존재,일치,일치,일치(목록 축약),일치,일치,일치,2026-08-31,설명은 공식 상세 설명의 목록용 축약문
172,15143478,사립학교교직원연금공단_사학연금 유치원 신규가입자 연도별 지역별 현황,"유치원 교직원의 신규가입자현황을 나타내고 있는 데이터로 연도별, 지역별(서울, 경기, 인천, 강원, 충남, 충북, 대전,세종,광주,대구, 경북,부산, 울산, 경남, 전남, 전북, 제주","교원,직원,유치원,신규임용,재임용,지역,연도",2025-05-21,867건,78건,가입·재직·기관,보조검토,https://www.data.go.kr/data/15143478/fileData.do,존재,일치,일치,일치(목록 축약),일치,일치,일치,2026-08-31,설명은 공식 상세 설명의 목록용 축약문
173,15131717,사립학교교직원연금공단_학교급별 재직기간현황(교원),"사립학교교직원의 학교급별 재직기간현황(교원)과 관련된 데이터로 기준년도, 학교급별(유치원, 초등학교, 중학교, 고등학교, 전문학교, 대학, 특수학교) 재직기간(1년미만~35년 미만","학교급,재직기간,교원,연금수급권자,근무기간",2026-07-09,651건,172건,가입·재직·기관,보조검토,https://www.data.go.kr/data/15131717/fileData.do,존재,일치,일치,일치(목록 축약),일치,일치,일치,2026-08-31,설명은 공식 상세 설명의 목록용 축약문
174,15131719,사립학교교직원연금공단_직종별 재직기간현황(직원),"사립학교직원연금공단 직종별 재직기간현황(직원) 관련된 기준년도, 재직기간, 일반직, 기술직, 기능직, 고용직, 조교 항목을 제공합니다.","직종,사학연금,재직기간,교직원,직종구분",2026-07-08,622건,224건,가입·재직·기관,보조검토,https://www.data.go.kr/data/15131719/fileData.do,존재,일치,일치,일치(목록 축약),일치,일치,일치,2026-08-31,설명은 공식 상세 설명의 목록용 축약문
175,15131718,사립학교교직원연금공단_학교급별 재직기간현황(직원),"사립학교교직원의 학교급별 재직기간현황(직원)과 관련된 데이터로 기준년도, 학교급별(유치원, 초등학교, 중학교, 고등학교, 전문학교, 대학, 특수학교) 재직기간(1년미만~35년 미만","직종,직원,재직기간,학교급,연금수급권자,근무기간",2026-07-09,577건,225건,가입·재직·기관,보조검토,https://www.data.go.kr/data/15131718/fileData.do,존재,일치,일치,일치(목록 축약),일치,일치,일치,2026-08-31,설명은 공식 상세 설명의 목록용 축약문
176,15131721,사립학교교직원연금공단_학교급별지역별퇴직사유별 퇴직자 현황(직원),"사학연금 가입 직원의 학교급별(유치원, 초등학교, 중학교, 고등학교, 전문대학, 대학(교), 대학병원, 특수학교, 법인 등), 지역별(강원, 경기, 경남, 경북, 광주, 대구, 대전","학교급,직원,퇴직사유,퇴직 현황,지역별 분포,학교 유형",2026-08-04,598건,208건,퇴직·급여,검토대상,https://www.data.go.kr/data/15131721/fileData.do,존재,일치,일치,일치(목록 축약),일치,일치,일치,2026-08-31,설명은 공식 상세 설명의 목록용 축약문
177,15151181,사립학교교직원연금공단_기준소득월액증감내역,본 데이터는 사립학교 교직원을 대상으로 공단이 운영하는 연금제도의 기준소득월액 증감 정보를 담고 있습니다.,"부담금 산정,급여 산정,소득변경,과세소득,비과세소득",2025-11-04,388건,43건,가입·재직·기관,보조검토,https://www.data.go.kr/data/15151181/fileData.do,존재,일치,일치,일치(목록 축약),일치,일치,일치,2026-08-31,설명은 공식 상세 설명의 목록용 축약문
178,15156913,사립학교교직원연금공단_사학연금 20년사,"사학연금 20년사는 사립학교교직원 연금제도 도입 이후 20년간의 제도 변천과 운영 성과를 정리한 연혁성 기록물로, 연금제도·조직·사업·대외환경 변화를 연도별 사건과 정책 흐름으로 구조화하여","공단운영,제도변천,기록물,연금제도,공단정보,운영현황,통계자료",2026-07-07,366건,40건,법령·콘텐츠·기타,보조검토,https://www.data.go.kr/data/15156913/fileData.do,존재,일치,일치,일치(목록 축약),일치,일치,일치,2026-08-31,설명은 공식 상세 설명의 목록용 축약문
179,15152078,사립학교교직원연금공단_사학연금 50년사 통사,본 데이터는 고객정책자문단 질의응답 및 공단 홈페이지 상시 수요조사 답변으로 발굴된 AI 학습용 데이터로써 사립학교교직원연금공단의 창립 50주년을 기념하여 발간된 '사학연금 50년사,"역사,공단역사,통계자료,조직변천사,시대별 역사,연금정보,공단운영",2026-06-25,318건,42건,법령·콘텐츠·기타,검토대상,https://www.data.go.kr/data/15152078/fileData.do,존재,일치,일치,일치(목록 축약),일치,일치,일치,2026-08-31,설명은 공식 상세 설명의 목록용 축약문
180,15143910,사립학교교직원연금공단_연도별 유치원 신규가입자 및 퇴직자 현황,"유치원 교직원의 신규가입자 및 퇴직자 현황을 나타내고 있는 데이터로 연도별, 지역별(서울, 경기, 인천, 충남, 충북, 영남, 전남, 전북, 제주 등) 교직원(교원, 사무직원), 신규가입자수","교원,직원,유치원,신규임용,재임용,퇴직자,지역별,연도별",2026-08-12,490건,75건,퇴직·급여,검토대상,https://www.data.go.kr/data/15143910/fileData.do,존재,일치,일치,일치(목록 축약),일치,일치,일치,2026-08-31,설명은 공식 상세 설명의 목록용 축약문
181,15151175,사립학교교직원연금공단_기준소득월액 직권결정 적용 현황,본 데이터는 사립학교교직원연금법령에 의거 교직원의 기준소득월액을 소득신고 자료 없이 공단에서 직원으로 결정하여 적용하는 현황을 제공하고 있습니다.,"부담금 산정,급여 산정,과세소득,비과세소득,연금운영 제도,재직자",2025-11-04,353건,46건,가입·재직·기관,보조검토,https://www.data.go.kr/data/15151175/fileData.do,존재,일치,일치,일치(목록 축약),일치,일치,일치,2026-08-31,설명은 공식 상세 설명의 목록용 축약문
182,15151187,사립학교교직원연금공단_연계연금반납금 이자율 현황,본 데이터는 사립학교교직원연금공단이 제공하는 연계연금 반납금 이자율의 현황을 명시하고 있습니다.,"연계연금,국민연금,공적연금 연계제도,직역연금,이자,반납이자",2026-06-24,264건,58건,법령·콘텐츠·기타,보조검토,https://www.data.go.kr/data/15151187/fileData.do,존재,일치,일치,일치(목록 축약),일치,일치,일치,2026-08-31,설명은 공식 상세 설명의 목록용 축약문
183,15151164,사립학교교직원연금공단_공휴일 관리 정보,본 데이터는 사립학교교직원연금공단(사학연금)이 제공하는 공휴일 관리 정보입니다.,"휴일,주말,날짜,공통코드,일정관리,법정공휴일,대체공휴일",2026-06-24,259건,47건,법령·콘텐츠·기타,보조검토,https://www.data.go.kr/data/15151164/fileData.do,존재,일치,일치,일치(목록 축약),일치,일치,일치,2026-08-31,설명은 공식 상세 설명의 목록용 축약문
184,15151262,사립학교교직원연금공단_공단 대표홈페이지 게시물 활용건수 현황,본데이터는 사립학교교직원연금공단 대표 홈페이지에 게시된 정보의 활용 현황을 파악하기 위해 작성된 통계 자료 입니다.,"게시물사용,게시물공유,SNS공유,사용현황,공유현황,다운로드수",2026-07-07,192건,71건,고객·디지털·VOC,검토대상,https://www.data.go.kr/data/15151262/fileData.do,존재,일치,일치,일치(목록 축약),일치,일치,일치,2026-08-31,설명은 공식 상세 설명의 목록용 축약문
185,15151198,사립학교교직원연금공단_인터넷 접수 현황,"본 데이터는 사립학교교직원연금공단이 운영하는 온라인 시스템을 통해 접수된 연금 관련 교직원(재직자, 연금수급자 등)의 각종 요청 문서(정보변경, 급여청구 등) 현황을 제공합니다.","사학연금 온라인 신청,연금 서비스 신청,신분변동 현황 접수,민원 접수 현황,연금수급자 민원,재직자 민원",2026-07-24,154건,52건,고객·디지털·VOC,검토대상,https://www.data.go.kr/data/15151198/fileData.do,존재,일치,일치,일치(목록 축약),일치,일치,일치,2026-08-31,설명은 공식 상세 설명의 목록용 축약문
186,15151167,사립학교교직원연금공단_국공립 학교 기관 현황,"본 데이터는 사립학교교직원연금공단에 관리되고 있는 국공립 학교기관 현황 자료( 대학병원, 치과대학병원, 부설 초중고 학교 등)입니다.","학교명,학교,소개지,학교현황,국립학교,공립학교",2025-11-04,121건,37건,법령·콘텐츠·기타,보조검토,https://www.data.go.kr/data/15151167/fileData.do,존재,일치,일치,일치(목록 축약),일치,일치,일치,2026-08-31,설명은 공식 상세 설명의 목록용 축약문
