복원_요청연월,신청구분코드,신청구분명,접수건수
2006-10-01,454,연금수급자정보변경,38
2006-11-01,454,연금수급자정보변경,37
2006-12-01,454,연금수급자정보변경,33
2007-01-01,454,연금수급자정보변경,44
2007-02-01,454,연금수급자정보변경,23
2007-03-01,454,연금수급자정보변경,31
2007-03-01,457,연금수급자신분변동,1
2007-04-01,454,연금수급자정보변경,16
2007-05-01,454,연금수급자정보변경,26
2007-06-01,454,연금수급자정보변경,22
2007-07-01,454,연금수급자정보변경,10
2007-08-01,454,연금수급자정보변경,13
2007-09-01,454,연금수급자정보변경,34
2007-10-01,454,연금수급자정보변경,12
2007-11-01,454,연금수급자정보변경,20
2007-12-01,454,연금수급자정보변경,16
2008-01-01,454,연금수급자정보변경,37
2008-01-01,457,연금수급자신분변동,1
2008-02-01,454,연금수급자정보변경,12
2008-03-01,454,연금수급자정보변경,44
2008-03-01,457,연금수급자신분변동,1
2008-04-01,454,연금수급자정보변경,25
2008-05-01,454,연금수급자정보변경,35
2008-06-01,454,연금수급자정보변경,22
2008-07-01,454,연금수급자정보변경,22
2008-08-01,454,연금수급자정보변경,17
2008-09-01,454,연금수급자정보변경,51
2008-10-01,454,연금수급자정보변경,25
2008-11-01,454,연금수급자정보변경,23
2008-12-01,454,연금수급자정보변경,18
2009-01-01,454,연금수급자정보변경,39
2009-02-01,454,연금수급자정보변경,26
2009-03-01,454,연금수급자정보변경,39
2009-04-01,454,연금수급자정보변경,26
2009-05-01,454,연금수급자정보변경,35
2009-06-01,454,연금수급자정보변경,26
2009-07-01,454,연금수급자정보변경,30
2009-08-01,454,연금수급자정보변경,22
2009-09-01,454,연금수급자정보변경,39
2009-10-01,454,연금수급자정보변경,19
2009-11-01,454,연금수급자정보변경,25
2009-12-01,454,연금수급자정보변경,53
2010-01-01,454,연금수급자정보변경,98
2010-01-01,457,연금수급자신분변동,1
2010-02-01,454,연금수급자정보변경,56
2010-03-01,454,연금수급자정보변경,113
2010-03-01,457,연금수급자신분변동,2
2010-04-01,454,연금수급자정보변경,50
2010-05-01,454,연금수급자정보변경,64
2010-06-01,454,연금수급자정보변경,43
2010-07-01,454,연금수급자정보변경,56
2010-07-01,459,연금수급증발급,12
2010-08-01,454,연금수급자정보변경,92
2010-08-01,459,연금수급증발급,63
2010-09-01,454,연금수급자정보변경,102
2010-09-01,459,연금수급증발급,56
2010-10-01,454,연금수급자정보변경,103
2010-10-01,457,연금수급자신분변동,1
2010-10-01,459,연금수급증발급,60
2010-11-01,454,연금수급자정보변경,72
2010-11-01,459,연금수급증발급,17
2010-12-01,454,연금수급자정보변경,212
2010-12-01,457,연금수급자신분변동,2
2010-12-01,459,연금수급증발급,19
2011-01-01,454,연금수급자정보변경,137
2011-01-01,457,연금수급자신분변동,2
2011-01-01,459,연금수급증발급,9
2011-02-01,454,연금수급자정보변경,126
2011-02-01,459,연금수급증발급,57
2011-03-01,454,연금수급자정보변경,182
2011-03-01,459,연금수급증발급,111
2011-04-01,454,연금수급자정보변경,113
2011-04-01,457,연금수급자신분변동,1
2011-04-01,459,연금수급증발급,109
2011-05-01,454,연금수급자정보변경,116
2011-05-01,457,연금수급자신분변동,1
2011-05-01,459,연금수급증발급,65
2011-06-01,454,연금수급자정보변경,78
2011-06-01,459,연금수급증발급,25
2011-07-01,454,연금수급자정보변경,86
2011-07-01,459,연금수급증발급,70
2011-08-01,454,연금수급자정보변경,94
2011-08-01,459,연금수급증발급,26
2011-09-01,454,연금수급자정보변경,147
2011-09-01,457,연금수급자신분변동,1
2011-09-01,459,연금수급증발급,135
2011-10-01,454,연금수급자정보변경,77
2011-10-01,457,연금수급자신분변동,1
2011-10-01,459,연금수급증발급,45
2011-11-01,454,연금수급자정보변경,80
2011-11-01,459,연금수급증발급,20
2011-12-01,454,연금수급자정보변경,137
2011-12-01,459,연금수급증발급,41
2012-01-01,454,연금수급자정보변경,139
2012-01-01,457,연금수급자신분변동,1
2012-01-01,459,연금수급증발급,23
2012-02-01,454,연금수급자정보변경,83
2012-02-01,457,연금수급자신분변동,2
2012-02-01,459,연금수급증발급,16
2012-03-01,454,연금수급자정보변경,135
2012-03-01,457,연금수급자신분변동,2
2012-03-01,459,연금수급증발급,49
2012-04-01,454,연금수급자정보변경,89
2012-04-01,459,연금수급증발급,47
2012-05-01,454,연금수급자정보변경,89
2012-05-01,459,연금수급증발급,37
2012-06-01,454,연금수급자정보변경,56
2012-06-01,459,연금수급증발급,15
2012-07-01,454,연금수급자정보변경,78
2012-07-01,459,연금수급증발급,10
2012-08-01,454,연금수급자정보변경,101
2012-08-01,459,연금수급증발급,8
2012-09-01,454,연금수급자정보변경,115
2012-09-01,457,연금수급자신분변동,1
2012-09-01,459,연금수급증발급,19
2012-10-01,454,연금수급자정보변경,69
2012-10-01,459,연금수급증발급,15
2012-11-01,454,연금수급자정보변경,368
2012-11-01,459,연금수급증발급,15
2012-12-01,454,연금수급자정보변경,147
2012-12-01,459,연금수급증발급,23
2013-01-01,454,연금수급자정보변경,122
2013-01-01,459,연금수급증발급,22
2013-02-01,454,연금수급자정보변경,70
2013-02-01,459,연금수급증발급,4
2013-03-01,454,연금수급자정보변경,167
2013-03-01,459,연금수급증발급,41
2013-04-01,454,연금수급자정보변경,96
2013-04-01,457,연금수급자신분변동,1
2013-04-01,459,연금수급증발급,24
2013-04-01,460,연금정지추가공제신청,1
2013-05-01,454,연금수급자정보변경,97
2013-05-01,459,연금수급증발급,14
2013-05-01,460,연금정지추가공제신청,5
2013-06-01,454,연금수급자정보변경,82
2013-06-01,459,연금수급증발급,14
2013-06-01,460,연금정지추가공제신청,1
2013-07-01,454,연금수급자정보변경,76
2013-07-01,457,연금수급자신분변동,1
2013-07-01,459,연금수급증발급,7
2013-07-01,460,연금정지추가공제신청,8
2013-08-01,454,연금수급자정보변경,77
2013-08-01,457,연금수급자신분변동,1
2013-08-01,459,연금수급증발급,13
2013-09-01,454,연금수급자정보변경,146
2013-09-01,459,연금수급증발급,17
2013-09-01,460,연금정지추가공제신청,4
2013-10-01,454,연금수급자정보변경,87
2013-10-01,460,연금정지추가공제신청,2
2013-11-01,454,연금수급자정보변경,106
2013-11-01,460,연금정지추가공제신청,3
2013-12-01,454,연금수급자정보변경,169
2013-12-01,460,연금정지추가공제신청,14
2014-01-01,454,연금수급자정보변경,234
2014-01-01,460,연금정지추가공제신청,19
2014-02-01,454,연금수급자정보변경,130
2014-02-01,460,연금정지추가공제신청,1
2014-03-01,454,연금수급자정보변경,188
2014-03-01,459,연금수급증발급,28
2014-03-01,460,연금정지추가공제신청,3
2014-03-01,999,미구분,1
2014-04-01,453,청산일시금,1
2014-04-01,454,연금수급자정보변경,10
2014-04-01,459,연금수급증발급,24
2014-04-01,999,미구분,5
2014-05-01,454,연금수급자정보변경,4
2014-05-01,459,연금수급증발급,19
2014-05-01,999,미구분,5
2014-06-01,454,연금수급자정보변경,15
2014-06-01,459,연금수급증발급,9
2014-06-01,999,미구분,1
2014-07-01,454,연금수급자정보변경,8
2014-07-01,459,연금수급증발급,12
2014-08-01,454,연금수급자정보변경,8
2014-08-01,459,연금수급증발급,24
2014-08-01,999,미구분,1
2014-09-01,454,연금수급자정보변경,24
2014-09-01,459,연금수급증발급,55
2014-09-01,999,미구분,14
2014-10-01,454,연금수급자정보변경,28
2014-10-01,459,연금수급증발급,29
2014-10-01,999,미구분,3
2014-11-01,454,연금수급자정보변경,11
2014-11-01,457,연금수급자신분변동,2
2014-11-01,459,연금수급증발급,10
2014-11-01,999,미구분,2
2014-12-01,454,연금수급자정보변경,11
2014-12-01,457,연금수급자신분변동,1
2014-12-01,459,연금수급증발급,19
2014-12-01,999,미구분,14
2015-01-01,454,연금수급자정보변경,15
2015-01-01,458,연금지급정지조정신청,1
2015-01-01,459,연금수급증발급,29
2015-01-01,999,미구분,15
2015-02-01,454,연금수급자정보변경,7
2015-02-01,457,연금수급자신분변동,1
2015-02-01,458,연금지급정지조정신청,1
2015-02-01,459,연금수급증발급,18
2015-02-01,999,미구분,1
2015-03-01,454,연금수급자정보변경,39
2015-03-01,459,연금수급증발급,87
2015-03-01,999,미구분,15
2015-04-01,454,연금수급자정보변경,23
2015-04-01,459,연금수급증발급,39
2015-04-01,999,미구분,4
2015-05-01,454,연금수급자정보변경,4
2015-05-01,459,연금수급증발급,16
2015-05-01,999,미구분,1
2015-06-01,454,연금수급자정보변경,9
2015-06-01,459,연금수급증발급,24
2015-06-01,999,미구분,1
2015-07-01,454,연금수급자정보변경,13
2015-07-01,457,연금수급자신분변동,1
2015-07-01,459,연금수급증발급,13
2015-07-01,999,미구분,3
2015-08-01,454,연금수급자정보변경,9
2015-08-01,459,연금수급증발급,20
2015-09-01,454,연금수급자정보변경,19
2015-09-01,459,연금수급증발급,49
2015-09-01,999,미구분,1
2015-10-01,454,연금수급자정보변경,14
2015-10-01,459,연금수급증발급,22
2015-10-01,999,미구분,1
2015-11-01,454,연금수급자정보변경,5
2015-11-01,459,연금수급증발급,16
2015-11-01,999,미구분,11
2015-12-01,454,연금수급자정보변경,9
2015-12-01,459,연금수급증발급,21
2015-12-01,999,미구분,61
2016-01-01,454,연금수급자정보변경,12
2016-01-01,458,연금지급정지조정신청,1
2016-01-01,459,연금수급증발급,16
2016-01-01,999,미구분,4
2016-02-01,454,연금수급자정보변경,12
2016-02-01,459,연금수급증발급,17
2016-02-01,999,미구분,4
2016-03-01,454,연금수급자정보변경,21
2016-03-01,459,연금수급증발급,38
2016-03-01,999,미구분,7
2016-04-01,454,연금수급자정보변경,12
2016-04-01,458,연금지급정지조정신청,1
2016-04-01,459,연금수급증발급,34
2016-04-01,999,미구분,1
2016-05-01,454,연금수급자정보변경,18
2016-05-01,459,연금수급증발급,23
2016-06-01,454,연금수급자정보변경,15
2016-06-01,459,연금수급증발급,11
2016-07-01,454,연금수급자정보변경,12
2016-07-01,457,연금수급자신분변동,1
2016-07-01,459,연금수급증발급,15
2016-07-01,999,미구분,3
2016-08-01,454,연금수급자정보변경,15
2016-08-01,459,연금수급증발급,11
2016-09-01,454,연금수급자정보변경,13
2016-09-01,457,연금수급자신분변동,1
2016-09-01,459,연금수급증발급,32
2016-09-01,999,미구분,3
2016-10-01,454,연금수급자정보변경,13
2016-10-01,459,연금수급증발급,16
2016-10-01,999,미구분,5
2016-11-01,454,연금수급자정보변경,5
2016-11-01,459,연금수급증발급,8
2016-11-01,999,미구분,3
2016-12-01,454,연금수급자정보변경,15
2016-12-01,459,연금수급증발급,21
2016-12-01,999,미구분,68
2017-01-01,454,연금수급자정보변경,14
2017-01-01,458,연금지급정지조정신청,3
2017-01-01,459,연금수급증발급,22
2017-01-01,999,미구분,7
2017-02-01,454,연금수급자정보변경,7
2017-02-01,459,연금수급증발급,15
2017-02-01,999,미구분,2
2017-03-01,453,청산일시금,1
2017-03-01,454,연금수급자정보변경,30
2017-03-01,458,연금지급정지조정신청,1
2017-03-01,459,연금수급증발급,51
2017-03-01,999,미구분,6
2017-04-01,454,연금수급자정보변경,16
2017-04-01,458,연금지급정지조정신청,1
2017-04-01,459,연금수급증발급,22
2017-04-01,999,미구분,3
2017-05-01,454,연금수급자정보변경,7
2017-05-01,459,연금수급증발급,12
2017-05-01,999,미구분,1
2017-06-01,454,연금수급자정보변경,8
2017-06-01,459,연금수급증발급,14
2017-07-01,454,연금수급자정보변경,18
2017-07-01,459,연금수급증발급,14
2017-07-01,999,미구분,1
2017-08-01,454,연금수급자정보변경,15
2017-08-01,458,연금지급정지조정신청,1
2017-08-01,459,연금수급증발급,11
2017-09-01,454,연금수급자정보변경,28
2017-09-01,459,연금수급증발급,46
2017-09-01,999,미구분,2
2017-10-01,454,연금수급자정보변경,7
2017-10-01,459,연금수급증발급,16
2017-11-01,454,연금수급자정보변경,11
2017-11-01,459,연금수급증발급,7
2017-11-01,999,미구분,2
2017-12-01,454,연금수급자정보변경,15
2017-12-01,459,연금수급증발급,28
2017-12-01,999,미구분,34
2018-01-01,454,연금수급자정보변경,15
2018-01-01,458,연금지급정지조정신청,3
2018-01-01,459,연금수급증발급,24
2018-01-01,999,미구분,6
2018-02-01,454,연금수급자정보변경,11
2018-02-01,458,연금지급정지조정신청,1
2018-02-01,459,연금수급증발급,12
2018-03-01,454,연금수급자정보변경,37
2018-03-01,458,연금지급정지조정신청,1
2018-03-01,459,연금수급증발급,54
2018-03-01,999,미구분,19
2018-04-01,454,연금수급자정보변경,26
2018-04-01,459,연금수급증발급,57
2018-04-01,999,미구분,4
2018-05-01,454,연금수급자정보변경,20
2018-05-01,458,연금지급정지조정신청,1
2018-05-01,459,연금수급증발급,22
2018-05-01,999,미구분,8
2018-06-01,454,연금수급자정보변경,19
2018-06-01,458,연금지급정지조정신청,1
2018-06-01,459,연금수급증발급,12
2018-06-01,999,미구분,1
2018-07-01,453,청산일시금,1
2018-07-01,454,연금수급자정보변경,7
2018-07-01,459,연금수급증발급,23
2018-07-01,999,미구분,1
2018-08-01,454,연금수급자정보변경,18
2018-08-01,459,연금수급증발급,18
2018-08-01,999,미구분,3
2018-09-01,454,연금수급자정보변경,27
2018-09-01,457,연금수급자신분변동,1
2018-09-01,459,연금수급증발급,56
2018-09-01,999,미구분,6
2018-10-01,454,연금수급자정보변경,18
2018-10-01,457,연금수급자신분변동,1
2018-10-01,459,연금수급증발급,22
2018-10-01,999,미구분,8
2018-11-01,454,연금수급자정보변경,19
2018-11-01,459,연금수급증발급,13
2018-11-01,999,미구분,5
2018-12-01,454,연금수급자정보변경,13
2018-12-01,459,연금수급증발급,28
2018-12-01,999,미구분,131
2019-01-01,454,연금수급자정보변경,18
2019-01-01,459,연금수급증발급,32
2019-01-01,999,미구분,10
2019-02-01,454,연금수급자정보변경,16
2019-02-01,457,연금수급자신분변동,1
2019-02-01,459,연금수급증발급,18
2019-02-01,999,미구분,1
2019-03-01,454,연금수급자정보변경,35
2019-03-01,457,연금수급자신분변동,4
2019-03-01,459,연금수급증발급,54
2019-03-01,999,미구분,20
2019-04-01,454,연금수급자정보변경,28
2019-04-01,459,연금수급증발급,58
2019-04-01,999,미구분,6
2019-05-01,454,연금수급자정보변경,22
2019-05-01,457,연금수급자신분변동,1
2019-05-01,459,연금수급증발급,39
2019-05-01,999,미구분,9
2019-06-01,454,연금수급자정보변경,15
2019-06-01,459,연금수급증발급,13
2019-06-01,999,미구분,4
2019-07-01,454,연금수급자정보변경,23
2019-07-01,459,연금수급증발급,11
2019-07-01,999,미구분,4
2019-08-01,454,연금수급자정보변경,13
2019-08-01,459,연금수급증발급,21
2019-08-01,999,미구분,3
2019-09-01,454,연금수급자정보변경,31
2019-09-01,457,연금수급자신분변동,1
2019-09-01,459,연금수급증발급,49
2019-09-01,999,미구분,13
2019-10-01,454,연금수급자정보변경,23
2019-10-01,457,연금수급자신분변동,1
2019-10-01,459,연금수급증발급,30
2019-10-01,999,미구분,11
2019-11-01,454,연금수급자정보변경,17
2019-11-01,459,연금수급증발급,27
2019-11-01,999,미구분,13
2019-12-01,454,연금수급자정보변경,24
2019-12-01,459,연금수급증발급,30
2019-12-01,999,미구분,97
2020-01-01,454,연금수급자정보변경,22
2020-01-01,459,연금수급증발급,27
2020-01-01,999,미구분,21
2020-02-01,454,연금수급자정보변경,26
2020-02-01,459,연금수급증발급,26
2020-02-01,999,미구분,11
2020-03-01,454,연금수급자정보변경,44
2020-03-01,459,연금수급증발급,93
2020-03-01,999,미구분,18
2020-04-01,454,연금수급자정보변경,30
2020-04-01,459,연금수급증발급,30
2020-04-01,999,미구분,11
2020-05-01,454,연금수급자정보변경,35
2020-05-01,459,연금수급증발급,23
2020-05-01,999,미구분,10
2020-06-01,454,연금수급자정보변경,27
2020-06-01,457,연금수급자신분변동,1
2020-06-01,459,연금수급증발급,21
2020-06-01,999,미구분,3
2020-07-01,454,연금수급자정보변경,23
2020-07-01,459,연금수급증발급,30
2020-07-01,999,미구분,13
2020-08-01,454,연금수급자정보변경,33
2020-08-01,459,연금수급증발급,16
2020-08-01,999,미구분,16
2020-09-01,454,연금수급자정보변경,40
2020-09-01,459,연금수급증발급,37
2020-09-01,999,미구분,15
2020-10-01,454,연금수급자정보변경,25
2020-10-01,459,연금수급증발급,35
2020-10-01,999,미구분,8
2020-11-01,454,연금수급자정보변경,23
2020-11-01,459,연금수급증발급,18
2020-11-01,999,미구분,12
2020-12-01,454,연금수급자정보변경,30
2020-12-01,459,연금수급증발급,25
2020-12-01,999,미구분,99
2021-01-01,454,연금수급자정보변경,26
2021-01-01,459,연금수급증발급,20
2021-01-01,999,미구분,27
2021-02-01,454,연금수급자정보변경,24
2021-02-01,457,연금수급자신분변동,1
2021-02-01,459,연금수급증발급,29
2021-02-01,999,미구분,12
2021-03-01,454,연금수급자정보변경,74
2021-03-01,457,연금수급자신분변동,4
2021-03-01,459,연금수급증발급,85
2021-03-01,999,미구분,24
2021-04-01,454,연금수급자정보변경,23
2021-04-01,459,연금수급증발급,26
2021-04-01,999,미구분,3
2021-05-01,454,연금수급자정보변경,28
2021-05-01,459,연금수급증발급,31
2021-05-01,999,미구분,10
2021-06-01,454,연금수급자정보변경,20
2021-06-01,459,연금수급증발급,18
2021-06-01,999,미구분,4
2021-07-01,454,연금수급자정보변경,20
2021-07-01,459,연금수급증발급,26
2021-07-01,999,미구분,10
2021-08-01,454,연금수급자정보변경,37
2021-08-01,459,연금수급증발급,18
2021-08-01,999,미구분,11
2021-09-01,454,연금수급자정보변경,28
2021-09-01,459,연금수급증발급,27
2021-09-01,999,미구분,21
2021-10-01,454,연금수급자정보변경,30
2021-10-01,459,연금수급증발급,33
2021-10-01,999,미구분,1
2021-11-01,454,연금수급자정보변경,24
2021-11-01,459,연금수급증발급,8
2021-11-01,999,미구분,12
2021-12-01,454,연금수급자정보변경,31
2021-12-01,459,연금수급증발급,13
2021-12-01,999,미구분,84
2022-01-01,454,연금수급자정보변경,43
2022-01-01,459,연금수급증발급,23
2022-01-01,999,미구분,65
2022-02-01,454,연금수급자정보변경,36
2022-02-01,457,연금수급자신분변동,1
2022-02-01,459,연금수급증발급,13
2022-02-01,999,미구분,22
2022-03-01,454,연금수급자정보변경,88
2022-03-01,457,연금수급자신분변동,3
2022-03-01,459,연금수급증발급,34
2022-03-01,999,미구분,37
2022-04-01,453,청산일시금,1
2022-04-01,454,연금수급자정보변경,42
2022-04-01,459,연금수급증발급,39
2022-04-01,999,미구분,26
2022-05-01,454,연금수급자정보변경,34
2022-05-01,459,연금수급증발급,30
2022-05-01,999,미구분,13
2022-06-01,454,연금수급자정보변경,29
2022-06-01,457,연금수급자신분변동,1
2022-06-01,459,연금수급증발급,30
2022-06-01,999,미구분,6
2022-07-01,454,연금수급자정보변경,28
2022-07-01,457,연금수급자신분변동,3
2022-07-01,459,연금수급증발급,13
2022-07-01,999,미구분,4
2022-08-01,454,연금수급자정보변경,22
2022-08-01,457,연금수급자신분변동,2
2022-08-01,459,연금수급증발급,23
2022-08-01,999,미구분,5
2022-09-01,454,연금수급자정보변경,56
2022-09-01,457,연금수급자신분변동,3
2022-09-01,459,연금수급증발급,32
2022-09-01,999,미구분,16
2022-10-01,454,연금수급자정보변경,44
2022-10-01,459,연금수급증발급,33
2022-10-01,999,미구분,11
2022-11-01,454,연금수급자정보변경,30
2022-11-01,459,연금수급증발급,16
2022-11-01,999,미구분,22
2022-12-01,454,연금수급자정보변경,34
2022-12-01,457,연금수급자신분변동,2
2022-12-01,459,연금수급증발급,27
2022-12-01,999,미구분,146
2023-01-01,454,연금수급자정보변경,76
2023-01-01,457,연금수급자신분변동,2
2023-01-01,459,연금수급증발급,32
2023-01-01,999,미구분,67
2023-02-01,454,연금수급자정보변경,63
2023-02-01,457,연금수급자신분변동,3
2023-02-01,459,연금수급증발급,27
2023-02-01,999,미구분,48
2023-03-01,454,연금수급자정보변경,98
2023-03-01,457,연금수급자신분변동,5
2023-03-01,459,연금수급증발급,35
2023-03-01,999,미구분,35
2023-04-01,454,연금수급자정보변경,58
2023-04-01,457,연금수급자신분변동,1
2023-04-01,459,연금수급증발급,39
2023-04-01,999,미구분,13
2023-05-01,454,연금수급자정보변경,58
2023-05-01,457,연금수급자신분변동,1
2023-05-01,459,연금수급증발급,32
2023-05-01,999,미구분,14
2023-06-01,454,연금수급자정보변경,42
2023-06-01,459,연금수급증발급,13
2023-06-01,999,미구분,1
2023-07-01,454,연금수급자정보변경,49
2023-07-01,459,연금수급증발급,26
2023-07-01,999,미구분,6
2023-08-01,454,연금수급자정보변경,53
2023-08-01,459,연금수급증발급,19
2023-08-01,999,미구분,5
2023-09-01,454,연금수급자정보변경,78
2023-09-01,457,연금수급자신분변동,2
2023-09-01,459,연금수급증발급,23
2023-09-01,999,미구분,21
2023-10-01,454,연금수급자정보변경,38
2023-10-01,457,연금수급자신분변동,1
2023-10-01,459,연금수급증발급,22
2023-10-01,999,미구분,1
2023-11-01,454,연금수급자정보변경,44
2023-11-01,457,연금수급자신분변동,1
2023-11-01,459,연금수급증발급,15
2023-11-01,999,미구분,21
2023-12-01,454,연금수급자정보변경,44
2023-12-01,457,연금수급자신분변동,2
2023-12-01,459,연금수급증발급,33
2023-12-01,999,미구분,122
2024-01-01,454,연금수급자정보변경,80
2024-01-01,457,연금수급자신분변동,4
2024-01-01,459,연금수급증발급,41
2024-01-01,999,미구분,42
2024-02-01,454,연금수급자정보변경,55
2024-02-01,457,연금수급자신분변동,1
2024-02-01,459,연금수급증발급,13
2024-02-01,999,미구분,28
2024-03-01,454,연금수급자정보변경,117
2024-03-01,457,연금수급자신분변동,3
2024-03-01,459,연금수급증발급,36
2024-03-01,999,미구분,9
2024-04-01,454,연금수급자정보변경,62
2024-04-01,457,연금수급자신분변동,2
2024-04-01,459,연금수급증발급,34
2024-04-01,999,미구분,13
2024-05-01,454,연금수급자정보변경,75
2024-05-01,459,연금수급증발급,27
2024-05-01,999,미구분,21
2024-06-01,453,청산일시금,1
2024-06-01,454,연금수급자정보변경,54
2024-06-01,459,연금수급증발급,23
2024-06-01,999,미구분,11
2024-07-01,454,연금수급자정보변경,55
2024-07-01,457,연금수급자신분변동,1
2024-07-01,459,연금수급증발급,22
2024-07-01,999,미구분,8
2024-08-01,454,연금수급자정보변경,62
2024-08-01,457,연금수급자신분변동,1
2024-08-01,459,연금수급증발급,21
2024-08-01,999,미구분,2
2024-09-01,454,연금수급자정보변경,91
2024-09-01,457,연금수급자신분변동,2
2024-09-01,459,연금수급증발급,15
2024-09-01,999,미구분,16
2024-10-01,454,연금수급자정보변경,66
2024-10-01,459,연금수급증발급,34
2024-10-01,999,미구분,9
2024-11-01,454,연금수급자정보변경,51
2024-11-01,459,연금수급증발급,26
2024-11-01,999,미구분,26
2024-12-01,453,청산일시금,2
2024-12-01,454,연금수급자정보변경,66
2024-12-01,457,연금수급자신분변동,3
2024-12-01,459,연금수급증발급,26
2024-12-01,999,미구분,53
2025-01-01,454,연금수급자정보변경,81
2025-01-01,457,연금수급자신분변동,3
2025-01-01,459,연금수급증발급,22
2025-01-01,999,미구분,45
2025-02-01,454,연금수급자정보변경,74
2025-02-01,457,연금수급자신분변동,3
2025-02-01,459,연금수급증발급,22
2025-02-01,999,미구분,16
2025-03-01,454,연금수급자정보변경,100
2025-03-01,457,연금수급자신분변동,8
2025-03-01,459,연금수급증발급,41
2025-03-01,999,미구분,31
2025-04-01,454,연금수급자정보변경,84
2025-04-01,457,연금수급자신분변동,2
2025-04-01,459,연금수급증발급,29
2025-04-01,999,미구분,4
2025-05-01,454,연금수급자정보변경,45
2025-05-01,459,연금수급증발급,32
2025-05-01,999,미구분,11
2025-06-01,454,연금수급자정보변경,77
2025-06-01,457,연금수급자신분변동,1
2025-06-01,459,연금수급증발급,20
2025-06-01,999,미구분,2
2025-07-01,454,연금수급자정보변경,63
2025-07-01,459,연금수급증발급,24
2025-07-01,999,미구분,5
2025-08-01,454,연금수급자정보변경,66
2025-08-01,459,연금수급증발급,15
2025-08-01,999,미구분,3
2025-09-01,454,연금수급자정보변경,69
2025-09-01,459,연금수급증발급,23
2025-09-01,999,미구분,5
2025-10-01,454,연금수급자정보변경,64
2025-10-01,457,연금수급자신분변동,1
2025-10-01,459,연금수급증발급,17
2025-11-01,454,연금수급자정보변경,108
2025-11-01,457,연금수급자신분변동,1
2025-11-01,459,연금수급증발급,24
2025-12-01,454,연금수급자정보변경,92
2025-12-01,459,연금수급증발급,19
2026-01-01,454,연금수급자정보변경,116
2026-01-01,457,연금수급자신분변동,3
2026-01-01,459,연금수급증발급,50
2026-02-01,453,청산일시금,1
2026-02-01,454,연금수급자정보변경,110
2026-02-01,459,연금수급증발급,26
2026-03-01,454,연금수급자정보변경,128
2026-03-01,457,연금수급자신분변동,8
2026-03-01,459,연금수급증발급,37
2026-04-01,454,연금수급자정보변경,75
2026-04-01,457,연금수급자신분변동,2
2026-04-01,459,연금수급증발급,19
