게시판분류,인쇄건수,이미지내려받기건수,pdf내려받기건수,페이스북공유클릭건수,트위터공유클릭건수,카카오톡공유클릭건수,공표활용건수합
영문홈페이지관리_Publications,0,0,0,842,717,720,2279
대표홈페이지관리_참여_서식자료실,0,0,0,640,601,668,1909
대표홈페이지관리_소식정보_공지사항,0,0,0,249,171,527,947
대표홈페이지관리_소식정보_공단동정,0,0,0,104,105,130,339
대표홈페이지관리_소식정보_보도해명자료,0,0,0,119,79,101,299
대표홈페이지관리_소식정보_조견표,0,0,0,104,68,88,260
대표홈페이지관리_소식정보_사학연금연구,0,0,0,58,75,81,214
카드뉴스,0,0,0,102,50,58,210
대표홈페이지관리_소식정보_브로슈어리플랫,0,0,0,90,54,59,203
국문_공단소개_CEO_언론속의 이사장,0,0,0,70,54,63,187
대표홈페이지관리_소식정보_인재채용,0,0,0,42,42,67,151
대표홈페이지관리_경영공시_기관운영(상품권구입및배부현황),0,0,0,40,40,50,130
대표홈페이지관리_정보공개_표준모델,0,0,0,41,41,42,124
대표홈페이지관리_소식정보_가이드매뉴얼기타,0,0,0,50,32,36,118
대표홈페이지관리_정보공개_사업실명제(대상사업내역),0,0,0,58,26,27,111
대표홈페이지관리_경영공시_정보공개(이사회안건사전예고),0,0,0,57,25,27,109
대표홈페이지관리_소식정보_통계연보,0,0,0,32,32,40,104
대표홈페이지관리_소식정보_홍보영상,0,0,0,29,29,30,88
대표홈페이지관리_공단소개_윤리경영알림판,0,0,0,39,23,24,86
지속가능경영보고서,0,0,0,21,21,21,63
대표홈페이지관리_정보공개_고유모델,0,0,0,19,20,21,60
친인척 채용인원 공개,0,0,0,8,8,10,26
재해보상 결정사례,0,0,0,0,0,5,5
대표홈페이지관리_제도안내_소송판결사례(퇴직급여),0,0,0,0,0,4,4
국문_주요사업_퇴직예정자 교육_은퇴 후 건강보험제도,0,0,0,0,0,2,2
대표홈페이지관리_정보공개_즐겨찾기,0,0,0,0,0,1,1
대표홈페이지관리_제도안내_소송판결사례(재해보상급여),0,0,0,0,0,1,1
대표홈페이지관리_제도안내_제도자료실,0,0,0,0,0,1,1
대표홈페이지관리_소식정보_인사발령,0,0,0,0,0,1,1
국문_주요사업_퇴직예정자 교육_퇴직급여 청구,0,0,0,0,0,1,1
