범주,KPI,산식_정의,단위,개선방향,필요데이터_증거,도입단계,기준선산출,목표설정,연결행동,주의
서비스,인증성공률,인증성공건수÷인증시도건수×100,%,상향,인증현황,2단계,첫 안정 공개버전의 완전 집계기간,QA 통과 기준선과 공단 운영여건 확인 후 확정,인증안내·대체수단 개선,분모 0은 산출불가; 중복시도 정의
서비스,인증실패율,인증실패건수÷인증시도건수×100,%,하향,인증현황,2단계,첫 안정 공개버전의 완전 집계기간,QA 통과 기준선과 공단 운영여건 확인 후 확정,오류문구·재시도동선 개선,실패건수와 함께 판단
서비스,업무완료율,업무완료건수÷업무시작건수×100,%,상향,업무처리현황,3단계,서비스유형별 정의가 안정된 완전 집계기간,QA 통과 기준선과 공단 운영여건 확인 후 확정,화면·절차 개선,보완요청·임시저장 처리 정의
서비스,중도이탈률,중도이탈건수÷업무시작건수×100,%,하향,업무처리현황,3단계,서비스유형별 정의가 안정된 완전 집계기간,QA 통과 기준선과 공단 운영여건 확인 후 확정,이탈단계 점검,타임아웃·사용자종료 구분
서비스,디지털→상담 전환율,상담전환건수÷업무시작건수×100,%,진단,업무처리현황,3단계,전환 인정기간이 고정된 완전 집계기간,QA 통과 기준선과 공단 운영여건 확인 후 확정,상담·안내 우선순위,높고 낮음 자체가 성과방향은 아님
서비스,디지털→전화 전환율,전화상담전환건수÷업무시작건수×100,%,진단,업무처리현황,3단계,채널 배정규칙이 고정된 완전 집계기간,QA 통과 기준선과 공단 운영여건 확인 후 확정,콜센터 수요·FAQ 조정,전체 상담전환의 채널 부문
서비스,반복상담률,반복상담건수÷상담전환건수×100,%,하향,업무처리현황,3단계,동일문제·반복기간 정의 후,QA 통과 기준선과 공단 운영여건 확인 후 확정,상담완결성 개선,상담전환 분모 0은 산출불가
서비스,비밀번호재설정률,비밀번호재설정건수÷ID·비밀번호 인증시도건수×100,%,진단,인증현황,2단계,ID·비밀번호 방식의 완전 집계기간,QA 통과 기준선과 공단 운영여건 확인 후 확정,재설정 동선·대체인증 안내,단순 하향이 항상 좋은 것은 아님
서비스,인증알림톡 발송률,인증알림톡발송건수÷인증알림톡대상건수×100,%,진단,인증현황,2단계,대상·발송 정의가 고정된 기간,QA 통과 기준선과 공단 운영여건 확인 후 확정,알림 운영점검,발송 성공·도달·효과를 구분
서비스확장,미청구 안내도달률,안내도달건수÷안내대상건수×100,%,상향,후속 미청구자 코호트 집계,후속,대상·도달 정의와 인정기간 확정 후,QA 통과 기준선과 공단 운영여건 확인 후 확정,안내채널 개선,ID 15081264 원본 심층검사 전 제안산식
서비스확장,미청구 청구전환율,안내 후 청구접수건수÷안내도달건수×100,%,상향,후속 미청구자 코호트 집계,후속,동일 안내코호트 기준선,QA 통과 기준선과 공단 운영여건 확인 후 확정,재안내·청구동선 개선,안내건수를 전환성과로 대체 금지
서비스확장,미청구 지급완료율,안내 후 지급완료건수÷안내 후 청구접수건수×100,%,상향,후속 미청구자 코호트 집계,후속,청구·지급 상태정의 확정 후,QA 통과 기준선과 공단 운영여건 확인 후 확정,보완서류·처리지연 점검,청구접수와 지급완료 구분
데이터품질,핵심지표 정의완결률,필수 정의항목 완결 파일÷검사대상 파일×100,%,상향,데이터사전·메타데이터 QA,1단계,Ⅴ장 핵심파일 최초점검,QA 통과 기준선과 공단 운영여건 확인 후 확정,정의 보완,필수항목 목록 버전 고정
데이터품질,부문합계 일치율,총계와 부문합 일치 행÷검사행×100,%,상향,합계 QA,1단계,정정 전 최초검사,QA 통과 기준선과 공단 운영여건 확인 후 확정,집계로직·조정항목 개선,허용차이는 사유코드 필요
데이터품질,절대불일치율,|부문합-총계|÷총계×100,%,하향,합계 QA,1단계,정정 전 최초검사,QA 통과 기준선과 공단 운영여건 확인 후 확정,총계 정합성 개선,총계 0은 별도 처리
데이터품질,표준연월 준수율,YYYY-MM 유효값÷전체 연월값×100,%,상향,형식 QA,1단계,정정 전 최초검사,QA 통과 기준선과 공단 운영여건 확인 후 확정,날짜 표준화,통계기준일과 파일생성일 구분
데이터품질,컬럼·단위 일치율,정의·단위·값범위 일치 필드÷검사필드×100,%,상향,데이터사전·값범위 QA,1단계,정정 전 최초검사,QA 통과 기준선과 공단 운영여건 확인 후 확정,헤더·단위·산식 동시 정정,의미 확인 전 값 임의교정 금지
데이터품질,정정이력 공개율,변경이력 공개 수정파일÷전체 수정파일×100,%,상향,수정이력,1단계,운영대장 생성 후,QA 통과 기준선과 공단 운영여건 확인 후 확정,변경 추적,전후값·사유·버전 포함
데이터품질,현행화 준수율,예정주기 내 갱신 파일÷갱신대상 파일×100,%,상향,갱신대장,4단계,갱신주기 확정 후 첫 주기,QA 통과 기준선과 공단 운영여건 확인 후 확정,갱신관리,1회성 통계는 대상에서 구분
데이터품질,오류수정 소요일,정정 공개일-오류 확인일,일,하향,오류처리대장,4단계,첫 확인·정정 사례부터,QA 통과 기준선과 공단 운영여건 확인 후 확정,오류처리 개선,달력일·영업일 중 공단 기준 확정
데이터품질,교차자료 설명률,차이설명 또는 사용기준 보유 교차자료쌍÷차이 교차자료쌍×100,%,상향,교차지표 매핑표,1단계,Ⅴ장 교차자료쌍 최초점검,QA 통과 기준선과 공단 운영여건 확인 후 확정,공식 기준통계 안내,값 차이를 오류로 자동분류하지 않음
데이터품질,보호규칙 준수율,소수셀·보완억제·금지필드 검사 통과 파일÷검사파일×100,%,상향,재식별위험·공개전 QA,2~4단계,시범 공개 전 내부검사,QA 통과 기준선과 공단 운영여건 확인 후 확정,공개위험 통제,최소셀 k는 공단 검토 후 확정
활용성과,신규개방 완료율,QA·보호검토 통과 공개항목÷승인된 신규개방항목×100,%,상향,개방계획·공개URL·검수기록,2~4단계,승인된 범위 확정 후,QA 통과 기준선과 공단 운영여건 확인 후 확정,신규 개방,제안항목을 승인항목으로 미리 간주 금지
활용성과,후속 활용사례 수,증거자료가 확인된 외부·내부 활용사례 건수,건,증가,활용사례 등록대장,4단계,등록체계 구축 후,QA 통과 기준선과 공단 운영여건 확인 후 확정,연구·민간 활용 확산,조회·다운로드와 구분
활용성과,외부의견 처리율,처리완료 외부의견÷접수 외부의견×100,%,상향,오류·개선의견 대장,4단계,창구 운영 후,QA 통과 기준선과 공단 운영여건 확인 후 확정,활용자 피드백,접수·중복·완료 정의
활용성과,재개방 개선건수,외부활용·품질점검을 반영해 재개방한 개선 건수,건,증가,버전·변경이력,4단계,초기 공개버전 이후,QA 통과 기준선과 공단 운영여건 확인 후 확정,품질보완·재개방,단순 파일교체와 실질 개선 구분
활용성과,재현자료 제공률,데이터사전·코드·산식·예제 중 필수묶음 완결 공개자료÷공개자료×100,%,상향,공개 패키지 점검표,4단계,필수묶음 확정 후,QA 통과 기준선과 공단 운영여건 확인 후 확정,외부 재사용 지원,개인정보·보안 제외정보 준수
활용성과,서비스 개선조치 완료율,완료된 승인 개선조치÷승인 개선조치×100,%,상향,서비스 개선대장,4단계,개선백로그 승인 후,QA 통과 기준선과 공단 운영여건 확인 후 확정,서비스 개선,완료와 효과입증을 구분
