KPI,산식,필요데이터,현재산출,주의
인증성공률,인증성공건수÷인증시도건수×100,인증현황,불가,시도 중복·해당없음 기준 명시
인증실패율,인증실패건수÷인증시도건수×100,인증현황,불가,성공+실패와 시도 합계 검증
업무완료율,업무완료건수÷업무시작건수×100,업무처리현황,불가,완료 정의와 보완요청 처리 명시
중도이탈률,중도이탈건수÷업무시작건수×100,업무처리현황,불가,타임아웃·사용자종료 기준 명시
디지털→상담 전환율,상담전환건수÷업무시작건수×100,업무처리현황,불가,전환 인정기간과 최초·최종채널 명시
디지털→전화 전환율,전화상담전환건수÷업무시작건수×100,업무처리현황,불가,전체 상담전환 중 전화 채널 부문; 채널 배정 규칙 명시
반복상담률,반복상담건수÷상담전환건수×100,업무처리현황,불가,동일 문제·반복기간 정의
비밀번호재설정률,비밀번호재설정건수÷ID·비밀번호 인증시도건수×100,인증현황,불가,ID·비밀번호 방식에 한정
인증알림톡 발송률,인증알림톡발송건수÷인증알림톡대상건수×100,인증현황,불가,발송 성공·실패 정의와 개인정보 미공개
